日期,收盘,开盘,高,低,交易量,收盘,涨跌幅
2022年1月28日,308.26,300.23,308.48,294.45,49.48,430125632,2.81
2022年1月27日,299.84,302.66,307.30,297.93,53.00,430125632,1.05
2022年1月26日,296.71,307.98,308.50,293.03,89.98,430125632,2.85
2022年1月25日,288.49,291.52,294.99,285.17,65.78,430125632,-2.66
2022年1月24日,296.37,292.20,297.11,276.05,84.90,430125632,0.11
2022年1月21日,296.03,302.68,304.11,295.61,57.98,430125632,-1.85
2022年1月20日,301.60,309.07,311.65,301.14,34.79,430125632,-0.57
2022年1月19日,303.33,306.29,313.91,302.70,45.49,430125632,0.22
2022年1月18日,302.65,304.07,309.80,301.74,41.72,430125632,-2.43
2022年1月14日,310.20,304.25,310.82,303.75,39.85,430125632,1.77
2022年1月13日,304.80,320.47,320.88,304.00,44.99,430125632,-4.23
2022年1月12日,318.27,319.67,323.41,317.08,34.37,430125632,1.04
2022年1月11日,314.98,313.38,316.61,309.89,29.27,430125632,0.23
2022年1月10日,314.27,309.48,314.72,304.69,44.16,430125632,0.07
2022年1月7日,314.04,314.15,316.50,310.09,32.72,430125632,0.05
2022年1月6日,313.88,313.15,318.70,311.49,39.17,430125632,-0.79
2022年1月5日,316.38,325.86,326.07,315.98,39.63,430125632,-3.84
2022年1月4日,329.01,334.83,335.20,326.12,32.58,430125632,-1.71
2022年1月3日,334.75,335.35,338.00,329.78,28.69,430125632,-0.47
2021年12月31日,336.32,338.51,339.36,335.85,17.77,430125632,-0.88
2021年12月30日,339.32,341.91,343.13,338.82,15.77,430125632,-0.77
2021年12月29日,341.95,341.30,344.30,339.68,14.98,430125632,0.21
2021年12月28日,341.25,343.15,343.81,340.32,15.27,430125632,-0.35
2021年12月27日,342.45,335.46,342.48,335.43,19.86,430125632,2.32
2021年12月23日,334.69,332.75,336.39,332.73,19.62,430125632,0.45
2021年12月22日,333.20,328.30,333.61,325.75,24.51,430125632,1.81
2021年12月21日,327.29,323.29,327.73,319.80,24.29,430125632,2.31
2021年12月20日,319.91,320.05,322.80,317.57,28.12,430125632,-1.20
2021年12月17日,323.80,320.88,324.92,317.25,47.98,430125632,-0.34
2021年12月16日,324.90,335.71,336.76,323.02,34.48,430125632,-2.91
2021年12月15日,334.65,328.61,335.19,324.50,34.84,430125632,1.92
2021年12月14日,328.34,333.22,334.64,324.11,43.50,430125632,-3.26
2021年12月13日,339.40,340.68,343.79,339.08,28.08,430125632,-0.92
2021年12月10日,342.54,334.98,343.00,334.79,38.10,430125632,2.83
2021年12月9日,333.10,334.41,336.49,332.12,21.78,430125632,-0.56
2021年12月8日,334.97,335.31,335.50,330.80,24.70,430125632,0.01
2021年12月7日,334.92,331.64,335.80,330.10,30.70,430125632,2.68
2021年12月6日,326.19,323.95,327.45,319.23,29.91,430125632,0.98
2021年12月3日,323.01,331.99,332.70,318.03,41.78,430125632,-1.97
2021年12月2日,329.49,330.30,333.49,327.80,29.57,430125632,-0.18
2021年12月1日,330.08,335.13,339.28,329.39,33.40,430125632,-0.15
2021年11月30日,330.59,335.32,337.78,328.99,42.46,430125632,-1.79
2021年11月29日,336.63,334.94,339.03,334.74,27.53,430125632,2.11
2021年11月26日,329.68,334.35,337.93,328.12,23.84,430125632,-2.44
2021年11月24日,337.91,336.28,338.16,333.91,21.66,430125632,0.07
2021年11月23日,337.68,337.05,339.45,333.56,29.65,430125632,-0.63
2021年11月22日,339.83,344.62,349.67,339.55,30.45,430125632,-0.96
2021年11月19日,343.11,342.64,345.10,342.20,21.96,430125632,0.54
2021年11月18日,341.27,338.18,342.45,337.12,22.46,430125632,0.63
2021年11月17日,339.12,338.94,342.19,338.00,18.21,430125632,-0.11
2021年11月16日,339.51,335.68,340.67,335.51,20.25,430125632,1.02
2021年11月15日,336.07,337.54,337.88,334.03,16.72,430125632,-0.19
2021年11月12日,336.72,333.92,337.23,333.79,23.83,430125632,1.29
2021年11月11日,332.43,331.25,333.77,330.51,14.62,430125632,0.49
2021年11月10日,330.80,334.57,334.63,329.92,25.41,430125632,-1.53
2021年11月9日,335.95,337.11,338.72,334.53,20.02,430125632,-0.31
2021年11月8日,336.99,337.30,337.65,334.44,20.37,430125632,0.28
2021年11月5日,336.06,338.51,338.79,334.42,22.57,430125632,-0.11
2021年11月4日,336.44,332.89,336.54,329.51,23.97,430125632,0.73
2021年11月3日,334.00,333.90,334.90,330.65,21.22,430125632,0.26
2021年11月2日,333.13,330.31,333.45,330.00,25.84,430125632,1.14
2021年11月1日,329.37,331.36,331.49,326.37,26.84,430125632,-0.68
2021年10月29日,331.62,324.13,332.00,323.90,34.77,430125632,2.24
2021年10月28日,324.35,324.33,324.87,321.36,25.76,430125632,0.37
2021年10月27日,323.17,316.00,326.10,316.00,52.39,430125632,4.21
2021年10月26日,310.11,311.00,312.39,308.60,26.32,430125632,0.64
2021年10月25日,308.13,309.36,309.40,306.46,16.98,430125632,-0.33
2021年10月22日,309.16,310.40,311.09,307.80,17.45,430125632,-0.51
2021年10月21日,310.76,307.17,311.02,306.36,16.64,430125632,1.09
2021年10月20日,307.41,309.21,309.70,306.11,16.44,430125632,-0.27
2021年10月19日,308.23,308.35,309.30,307.22,17.68,430125632,0.31
2021年10月18日,307.29,303.57,308.21,302.69,22.50,430125632,1.01
2021年10月15日,304.21,302.34,304.45,300.52,25.38,430125632,0.48
2021年10月14日,302.75,299.21,303.27,297.83,27.12,430125632,2.17
2021年10月13日,296.31,294.91,297.28,293.49,23.03,430125632,1.17
2021年10月12日,292.88,295.34,295.44,292.35,17.97,430125632,-0.46
2021年10月11日,294.23,292.92,297.97,292.74,19.27,430125632,-0.21
2021年10月8日,294.85,296.22,296.64,293.76,17.69,430125632,0.00
2021年10月7日,294.85,295.17,296.64,293.92,20.28,430125632,0.59
2021年10月6日,293.11,285.78,293.63,285.51,27.69,430125632,1.51
2021年10月5日,288.76,284.05,290.40,284.05,24.57,430125632,2.00
2021年10月4日,283.11,287.40,287.75,280.25,30.85,430125632,-2.07
2021年10月1日,289.10,282.12,289.98,281.29,30.09,430125632,2.55
2021年9月30日,281.92,285.71,287.83,281.62,32.21,430125632,-0.73
2021年9月29日,284.00,285.10,286.77,283.01,26.24,430125632,0.17
2021年9月28日,283.52,289.80,290.78,282.75,42.38,430125632,-3.62
2021年9月27日,294.17,296.14,296.47,292.94,23.38,430125632,-1.73
2021年9月24日,299.35,298.23,299.80,296.93,15.00,430125632,-0.07
2021年9月23日,299.56,298.85,300.90,297.53,18.17,430125632,0.33
2021年9月22日,298.58,296.73,300.22,294.51,26.63,430125632,1.28
2021年9月21日,294.80,295.69,297.54,294.07,21.53,430125632,0.17
2021年9月20日,294.30,296.33,298.72,289.52,37.75,430125632,-1.86
2021年9月17日,299.87,304.17,304.50,299.53,41.37,430125632,-1.75
2021年9月16日,305.22,303.76,305.31,300.76,19.04,430125632,0.13
2021年9月15日,304.82,303.26,305.32,301.82,27.69,430125632,1.68
2021年9月14日,299.79,299.56,301.39,298.10,21.36,430125632,0.94
2021年9月13日,296.99,297.55,298.54,294.08,22.41,430125632,0.43
2021年9月10日,295.71,298.42,299.92,295.38,19.63,430125632,-0.52
2021年9月9日,297.25,300.82,302.14,297.00,19.88,430125632,-0.99
2021年9月8日,300.21,299.78,300.61,297.47,14.96,430125632,0.01
2021年9月7日,300.18,301.01,301.09,298.20,16.89,430125632,-0.32
2021年9月3日,301.14,300.99,302.60,300.26,14.75,430125632,-0.00
2021年9月2日,301.15,302.20,303.36,300.18,16.26,430125632,-0.23
2021年9月1日,301.83,302.86,305.19,301.49,18.98,430125632,-0.02
2021年8月31日,301.88,304.42,304.50,301.50,26.03,430125632,-0.56
2021年8月30日,303.59,301.11,304.22,301.06,16.03,430125632,1.29
2021年8月27日,299.72,298.99,300.87,296.83,22.61,430125632,0.21
2021年8月26日,299.09,300.99,302.43,298.95,17.57,430125632,-0.97
2021年8月25日,302.01,304.30,304.59,300.42,19.23,430125632,-0.20
2021年8月24日,302.62,305.02,305.65,302.00,17.88,430125632,-0.67
2021年8月23日,304.65,303.24,305.40,301.85,21.91,430125632,0.10
2021年8月20日,304.36,299.72,305.84,298.06,40.82,430125632,2.56
2021年8月19日,296.77,288.69,297.47,288.64,29.58,430125632,2.08
2021年8月18日,290.73,292.04,294.82,290.27,21.70,430125632,-0.80
2021年8月17日,293.08,292.39,293.43,291.08,19.98,430125632,-0.52
2021年8月16日,294.60,293.19,294.82,290.02,22.39,430125632,0.60
2021年8月13日,292.85,289.48,292.90,289.30,18.25,430125632,1.05
2021年8月12日,289.81,286.63,289.97,286.34,14.38,430125632,1.00
2021年8月11日,286.95,287.21,288.66,285.86,13.94,430125632,0.18
2021年8月10日,286.44,288.65,289.22,285.20,18.62,430125632,-0.66
2021年8月9日,288.33,289.82,291.53,287.82,16.12,430125632,-0.39
2021年8月6日,289.46,288.51,289.50,287.62,16.59,430125632,-0.02
2021年8月5日,289.52,286.88,289.61,286.21,13.90,430125632,1.05
2021年8月4日,286.51,285.87,287.57,284.66,16.19,430125632,-0.21
2021年8月3日,287.12,285.64,287.21,284.22,17.88,430125632,0.81
2021年8月2日,284.82,286.47,286.68,283.79,16.27,430125632,-0.03
2021年7月30日,284.91,285.17,286.66,283.91,20.94,430125632,-0.55
2021年7月29日,286.50,286.24,288.58,286.08,18.17,430125632,0.10
2021年7月28日,286.22,288.92,290.13,283.91,33.57,430125632,-0.11
2021年7月27日,286.54,289.31,289.48,282.98,33.60,430125632,-0.87
2021年7月26日,289.05,288.90,289.69,286.67,23.18,430125632,-0.21
2021年7月23日,289.67,287.37,289.99,286.50,22.77,430125632,1.23
2021年7月22日,286.14,283.84,286.42,283.42,23.38,430125632,1.68
2021年7月21日,281.40,278.90,281.52,277.29,24.36,430125632,0.74
2021年7月20日,279.32,278.03,280.97,276.26,26.26,430125632,0.83
2021年7月19日,277.01,278.93,280.37,274.45,32.94,430125632,-1.33
2021年7月16日,280.75,282.07,284.10,279.46,26.19,430125632,-0.10
2021年7月15日,281.03,282.04,282.46,279.85,22.60,430125632,-0.52
2021年7月14日,282.51,282.52,283.62,280.64,23.11,430125632,0.54
2021年7月13日,280.98,277.46,282.84,277.46,26.12,430125632,1.32
2021年7月12日,277.32,279.34,279.64,276.60,18.93,430125632,-0.22
2021年7月9日,277.94,275.72,278.05,275.32,23.92,430125632,0.19
2021年7月8日,277.42,276.68,278.67,274.88,24.62,430125632,-0.90
2021年7月7日,279.93,279.61,280.69,278.12,23.26,430125632,0.82
2021年7月6日,277.66,278.00,279.36,274.35,31.57,430125632,0.00
2021年7月2日,277.65,272.82,278.00,272.50,26.47,430125632,2.23
2021年7月1日,271.60,269.69,271.77,269.65,16.73,430125632,0.26
2021年6月30日,270.90,270.69,271.35,269.61,21.66,430125632,-0.18
2021年6月29日,271.40,268.88,271.63,268.03,19.94,430125632,1.00
2021年6月28日,268.72,265.98,268.89,265.98,19.59,430125632,1.40
2021年6月25日,265.02,266.23,267.25,264.76,25.61,430125632,-0.63
2021年6月24日,266.69,265.51,267.85,265.51,21.45,430125632,0.54
2021年6月23日,265.27,265.62,266.81,264.43,19.52,430125632,-0.09
2021年6月22日,265.51,262.57,265.79,262.57,24.69,430125632,1.10
2021年6月21日,262.63,259.82,263.52,257.92,26.70,430125632,1.23
2021年6月18日,259.43,259.63,262.30,258.75,37.20,430125632,-0.56
2021年6月17日,260.90,256.17,261.75,256.17,27.57,430125632,1.37
2021年6月16日,257.38,259.24,260.58,254.44,27.22,430125632,-0.38
2021年6月15日,258.36,259.71,259.98,257.68,18.04,430125632,-0.59
2021年6月14日,259.89,257.95,259.89,256.86,19.15,430125632,0.78
2021年6月11日,257.89,257.98,258.49,256.61,19.00,430125632,0.25
2021年6月10日,257.24,253.99,257.46,253.77,24.56,430125632,1.44
2021年6月9日,253.59,254.11,255.48,253.22,17.94,430125632,0.40
2021年6月8日,252.57,255.38,255.96,252.52,22.45,430125632,-0.49
2021年6月7日,253.81,249.86,254.06,249.86,23.08,430125632,1.20
2021年6月4日,250.79,247.76,251.65,247.51,25.28,430125632,2.07
2021年6月3日,245.71,245.24,246.31,243.02,25.31,430125632,-0.64
2021年6月2日,247.30,247.91,249.25,245.86,19.41,430125632,-0.04
2021年6月1日,247.40,251.23,251.29,246.96,22.55,430125632,-0.91
2021年5月28日,249.68,250.99,252.08,249.56,18.27,430125632,0.15
2021年5月27日,249.31,251.30,251.44,249.31,24.43,430125632,-0.87
2021年5月26日,251.49,251.61,252.90,250.76,17.77,430125632,-0.09
2021年5月25日,251.72,251.67,252.66,250.82,17.70,430125632,0.37
2021年5月24日,250.78,247.89,251.15,247.57,21.41,430125632,2.29
2021年5月21日,245.17,247.57,248.33,244.74,21.86,430125632,-0.53
2021年5月20日,246.48,244.02,247.94,244.02,21.80,430125632,1.38
2021年5月19日,243.12,239.26,243.19,238.90,25.74,430125632,0.02
2021年5月18日,243.08,246.32,246.33,242.95,20.17,430125632,-0.86
2021年5月17日,245.18,246.59,246.59,243.52,24.97,430125632,-1.20
2021年5月14日,248.15,245.57,249.18,245.49,23.90,430125632,2.11
2021年5月13日,243.03,241.80,245.55,241.49,29.62,430125632,1.69
2021年5月12日,239.00,242.65,244.36,238.16,36.68,430125632,-2.94
2021年5月11日,246.23,244.34,246.59,242.59,33.64,430125632,-0.38
2021年5月10日,247.18,251.25,251.71,247.18,29.30,430125632,-2.09
2021年5月7日,252.46,252.15,254.30,251.17,27.03,430125632,1.09
2021年5月6日,249.73,246.31,249.81,244.85,26.49,430125632,1.32
2021年5月5日,246.47,249.06,249.50,245.82,21.90,430125632,-0.53
2021年5月4日,247.79,250.97,251.21,245.76,32.76,430125632,-1.62
2021年5月3日,251.86,253.40,254.35,251.12,19.63,430125632,-0.13
2021年4月30日,252.18,249.74,253.08,249.60,30.95,430125632,-0.13
2021年4月29日,252.51,255.50,256.10,249.10,40.59,430125632,-0.81
2021年4月28日,254.56,256.14,256.42,253.00,46.90,430125632,-2.83
2021年4月27日,261.97,261.58,263.18,260.16,31.01,430125632,0.16
2021年4月26日,261.55,261.65,262.37,260.46,19.76,430125632,0.15
2021年4月23日,261.15,257.88,261.51,257.27,21.50,430125632,1.55
2021年4月22日,257.17,260.20,261.75,255.66,25.61,430125632,-1.31
2021年4月21日,260.58,258.97,260.65,257.30,24.03,430125632,0.90
2021年4月20日,258.26,257.92,260.17,256.87,19.72,430125632,-0.19
2021年4月19日,258.74,260.23,261.47,257.84,23.21,430125632,-0.77
2021年4月16日,260.74,259.47,261.00,257.60,24.88,430125632,0.48
2021年4月15日,259.50,257.77,259.92,257.77,25.63,430125632,1.53
2021年4月14日,255.59,257.29,258.76,255.19,23.07,430125632,-1.12
2021年4月13日,258.49,257.31,259.19,256.84,23.84,430125632,1.01
2021年4月12日,255.91,255.00,257.66,254.64,27.15,430125632,0.02
2021年4月9日,255.85,252.87,255.99,252.44,24.33,430125632,1.03
2021年4月8日,253.25,252.77,254.14,252.00,23.63,430125632,1.34
2021年4月7日,249.90,247.83,250.92,247.20,22.72,430125632,0.82
2021年4月6日,247.86,247.78,249.40,246.90,22.93,430125632,-0.49
2021年4月5日,249.07,242.90,249.95,242.76,36.91,430125632,2.77
2021年4月1日,242.35,238.47,242.84,238.05,30.34,430125632,2.79
2021年3月31日,235.77,232.70,239.00,232.49,43.62,430125632,1.69
2021年3月30日,231.85,233.58,233.73,231.12,24.79,430125632,-1.44
2021年3月29日,235.24,236.69,236.69,231.91,25.23,430125632,-0.52
2021年3月26日,236.48,231.55,236.71,231.55,25.48,430125632,1.78
2021年3月25日,232.34,235.34,236.90,231.60,34.06,430125632,-1.33
2021年3月24日,235.46,237.84,237.91,235.35,25.62,430125632,-0.89
2021年3月23日,237.58,237.49,241.03,237.09,31.64,430125632,0.67
2021年3月22日,235.99,231.00,236.88,231.00,30.13,430125632,2.45
2021年3月19日,230.35,231.02,232.47,229.35,46.43,430125632,-0.16
2021年3月18日,230.72,232.47,234.13,230.36,34.85,430125632,-2.67
2021年3月17日,237.04,236.25,238.52,233.25,29.56,430125632,-0.28
2021年3月16日,237.71,236.40,240.04,235.97,28.09,430125632,1.24
2021年3月15日,234.81,234.94,235.00,231.83,26.04,430125632,-0.40
2021年3月12日,235.75,234.17,235.75,233.24,22.65,430125632,-0.58
2021年3月11日,237.13,235.13,239.17,234.60,29.91,430125632,2.03
2021年3月10日,232.42,236.51,236.91,232.11,29.75,430125632,-0.58
2021年3月9日,233.78,232.86,235.37,231.83,33.08,430125632,2.81
2021年3月8日,227.39,231.20,233.35,227.22,35.27,430125632,-1.82
2021年3月5日,231.60,229.52,233.27,226.46,41.87,430125632,2.15
2021年3月4日,226.73,226.76,232.48,224.28,44.73,430125632,-0.36
2021年3月3日,227.56,232.14,233.45,227.32,34.03,430125632,-2.70
2021年3月2日,233.87,237.15,237.15,233.48,22.81,430125632,-1.30
2021年3月1日,236.94,235.56,237.44,233.17,25.33,430125632,1.96
2021年2月26日,232.38,231.52,235.37,229.54,37.82,430125632,1.48
2021年2月25日,228.99,232.24,234.55,227.91,39.54,430125632,-2.37
2021年2月24日,234.55,230.01,235.20,229.00,26.34,430125632,0.55
2021年2月23日,233.27,230.26,234.83,228.85,30.23,430125632,-0.53
2021年2月22日,234.51,237.01,237.91,232.42,36.45,430125632,-2.68
2021年2月19日,240.97,243.75,243.86,240.18,25.26,430125632,-1.16
2021年2月18日,243.79,241.75,243.90,240.88,16.93,430125632,-0.17
2021年2月17日,244.20,241.26,244.26,241.00,21.67,430125632,0.21
2021年2月16日,243.70,245.21,246.01,242.95,26.73,430125632,-0.53
2021年2月12日,244.99,243.93,245.30,242.73,16.56,430125632,0.20
2021年2月11日,244.49,244.62,245.15,242.19,15.75,430125632,0.69
2021年2月10日,242.82,244.86,245.90,240.91,22.19,430125632,-0.39
2021年2月9日,243.77,241.87,244.75,241.44,23.56,430125632,0.54
2021年2月8日,242.47,243.28,243.54,240.81,22.21,430125632,0.11
2021年2月5日,242.20,242.23,243.28,240.42,18.05,430125632,0.08
2021年2月4日,242.01,242.97,243.15,240.37,25.30,430125632,-0.41
2021年2月3日,243.00,239.70,245.07,239.29,27.16,430125632,1.46
2021年2月2日,239.51,241.07,242.31,238.70,25.92,430125632,-0.06
2021年2月1日,239.65,235.44,242.49,232.48,33.31,430125632,3.32
2021年1月29日,231.96,235.99,238.02,231.35,42.50,430125632,-2.92
2021年1月28日,238.93,235.63,242.62,235.10,49.11,430125632,2.59
2021年1月27日,232.90,237.89,240.44,230.17,69.87,430125632,0.25
2021年1月26日,232.33,232.01,234.17,230.08,49.17,430125632,1.22
2021年1月25日,229.53,229.12,229.75,224.33,33.15,430125632,1.58
2021年1月22日,225.95,227.08,230.07,225.80,30.17,430125632,0.44
2021年1月21日,224.97,224.70,226.30,222.42,30.75,430125632,0.28
2021年1月20日,224.34,217.70,225.79,217.29,37.78,430125632,3.65
2021年1月19日,216.44,214.01,216.97,212.65,30.48,430125632,1.78
2021年1月15日,212.65,213.52,214.51,212.03,31.75,430125632,-0.17
2021年1月14日,213.02,216.25,217.43,212.74,29.35,430125632,-1.53
2021年1月13日,216.34,214.03,216.75,213.98,20.09,430125632,0.66
2021年1月12日,214.93,216.58,217.05,213.34,23.25,430125632,-1.18
2021年1月11日,217.49,218.46,218.91,216.75,23.05,430125632,-0.97
2021年1月8日,219.62,218.68,220.58,217.03,22.96,430125632,0.61
2021年1月7日,218.29,214.03,219.34,213.72,27.69,430125632,2.85
2021年1月6日,212.25,212.40,216.45,212.01,35.93,430125632,-2.59
2021年1月5日,217.90,217.54,218.48,216.00,23.82,430125632,0.10
2021年1月4日,217.69,222.63,222.89,214.90,37.13,430125632,-2.13
2020年12月31日,222.42,221.70,223.00,219.68,20.94,430125632,0.33
2020年12月30日,221.68,225.00,225.62,221.50,20.27,430125632,-1.10
2020年12月29日,224.15,226.03,227.15,223.60,17.40,430125632,-0.36
2020年12月28日,224.96,224.50,225.99,223.03,17.93,430125632,0.99
2020年12月24日,222.75,221.42,223.61,221.20,10.55,430125632,0.78
2020年12月23日,221.02,223.25,223.53,220.87,18.70,430125632,-1.30
2020年12月22日,223.94,222.68,225.62,222.22,22.64,430125632,0.61
2020年12月21日,222.59,217.60,223.99,217.31,37.18,430125632,1.83
2020年12月18日,218.59,218.59,219.69,216.02,63.35,430125632,-0.38
2020年12月17日,219.42,219.70,220.87,217.93,32.52,430125632,0.06
2020年12月16日,219.28,214.75,220.11,214.72,34.60,430125632,2.41
2020年12月15日,214.13,215.18,215.23,212.26,27.02,430125632,-0.03
2020年12月14日,214.20,212.99,216.18,212.94,28.80,430125632,0.44
2020年12月11日,213.26,210.05,213.32,209.11,30.98,430125632,1.30
2020年12月10日,210.52,211.40,213.05,210.39,26.47,430125632,-0.60
2020年12月9日,211.80,215.22,215.22,211.24,32.44,430125632,-1.95
2020年12月8日,216.01,214.13,216.95,212.93,23.28,430125632,0.80
2020年12月7日,214.29,214.41,215.47,213.03,24.62,430125632,-0.03
2020年12月4日,214.36,214.22,215.38,213.18,24.67,430125632,0.06
2020年12月3日,214.24,214.66,216.37,213.72,25.12,430125632,-0.52
2020年12月2日,215.37,214.89,215.39,212.82,23.72,430125632,-0.39
2020年12月1日,216.21,214.51,217.32,213.35,30.50,430125632,1.00
2020年11月30日,214.07,214.00,214.75,210.85,33.06,430125632,-0.54
2020年11月27日,215.23,214.85,216.27,214.04,14.51,430125632,0.64
2020年11月25日,213.87,214.14,214.91,212.52,21.01,430125632,0.00
2020年11月24日,213.86,210.06,214.24,208.93,33.98,430125632,1.78
2020年11月23日,210.11,210.97,212.27,208.18,25.68,430125632,-0.13
2020年11月20日,210.39,212.20,213.29,210.00,22.84,430125632,-0.96
2020年11月19日,212.42,211.57,212.99,209.93,24.79,430125632,0.63
2020年11月18日,211.08,213.62,215.13,210.99,28.37,430125632,-1.58
2020年11月17日,214.46,216.43,217.61,214.09,24.15,430125632,-1.28
2020年11月16日,217.23,215.17,217.67,214.57,24.95,430125632,0.33
2020年11月13日,216.51,216.36,217.42,214.16,18.63,430125632,0.50
2020年11月12日,215.44,217.00,219.09,214.53,21.62,430125632,-0.51
2020年11月11日,216.55,212.56,218.03,212.22,29.44,430125632,2.63
2020年11月10日,211.01,214.46,216.50,209.76,44.05,430125632,-3.38
2020年11月9日,218.39,224.44,228.11,218.13,44.39,430125632,-2.38
2020年11月6日,223.72,222.26,224.36,218.03,25.23,430125632,0.19
2020年11月5日,223.29,221.91,224.09,221.29,36.08,430125632,3.19
2020年11月4日,216.39,214.02,218.32,212.42,42.31,430125632,4.82
2020年11月3日,206.43,203.89,208.12,203.12,27.51,430125632,2.03
2020年11月2日,202.33,204.29,205.28,200.12,30.84,430125632,-0.07
2020年10月30日,202.47,203.50,204.29,199.62,36.98,430125632,-1.10
2020年10月29日,204.72,204.07,207.36,203.37,31.43,430125632,1.01
2020年10月28日,202.68,207.65,208.72,202.13,51.20,430125632,-4.96
2020年10月27日,213.25,211.65,214.67,210.33,36.70,430125632,1.51
2020年10月26日,210.08,213.73,216.30,208.16,37.11,430125632,-2.84
2020年10月23日,216.23,215.03,216.28,213.16,18.88,430125632,0.62
2020年10月22日,214.89,214.00,215.96,211.79,22.35,430125632,0.04
2020年10月21日,214.80,213.33,216.91,213.33,22.72,430125632,0.07
2020年10月20日,214.65,215.70,217.34,213.13,22.75,430125632,0.20
2020年10月19日,214.22,220.40,222.25,213.74,27.63,430125632,-2.48
2020年10月16日,219.66,220.15,222.29,219.32,26.06,430125632,0.00
2020年10月15日,219.66,216.80,220.32,216.47,22.73,430125632,-0.54
2020年10月14日,220.86,222.98,224.18,219.14,23.45,430125632,-0.90
2020年10月13日,222.86,222.30,225.08,220.46,28.95,430125632,0.66
2020年10月12日,221.40,218.71,223.84,216.82,40.46,430125632,2.59
2020年10月9日,215.81,211.23,215.86,211.23,26.46,430125632,2.48
2020年10月8日,210.58,210.50,211.17,208.42,19.93,430125632,0.36
2020年10月7日,209.83,207.27,209.99,206.77,25.68,430125632,1.90
2020年10月6日,205.91,208.87,210.16,205.00,28.55,430125632,-2.12
2020年10月5日,210.38,207.22,210.41,206.98,21.33,430125632,2.03
2020年10月2日,206.19,208.00,210.99,205.54,33.15,430125632,-2.95
2020年10月1日,212.46,213.59,213.98,211.39,27.16,430125632,1.01
2020年9月30日,210.33,207.72,211.96,206.57,33.83,430125632,1.48
2020年9月29日,207.26,209.53,210.07,206.83,24.46,430125632,-1.04
2020年9月28日,209.44,211.06,212.51,208.08,32.00,430125632,0.78
2020年9月25日,207.82,203.55,209.04,202.54,29.44,430125632,2.28
2020年9月24日,203.19,199.35,205.57,199.35,31.20,430125632,1.30
2020年9月23日,200.59,207.55,208.02,200.06,30.80,430125632,-3.29
2020年9月22日,207.42,205.03,208.08,202.12,33.52,430125632,2.41
2020年9月21日,202.54,196.98,202.58,196.43,39.84,430125632,1.07
2020年9月18日,200.39,202.80,203.65,196.25,55.23,430125632,-1.24
2020年9月17日,202.91,200.00,204.28,200.00,34.01,430125632,-1.04
2020年9月16日,205.05,210.06,210.06,204.80,26.37,430125632,-1.79
2020年9月15日,208.78,208.18,209.73,207.00,21.82,430125632,1.64
2020年9月14日,205.41,204.43,209.18,204.04,30.38,430125632,0.68
2020年9月11日,204.03,207.20,208.63,201.24,33.62,430125632,-0.65
2020年9月10日,205.37,213.51,214.65,204.11,35.46,430125632,-2.80
2020年9月9日,211.29,207.90,214.82,206.85,45.68,430125632,4.26
2020年9月8日,202.66,206.46,209.93,202.41,52.92,430125632,-5.41
2020年9月4日,214.25,215.10,218.36,205.19,59.66,430125632,-1.40
2020年9月3日,217.30,229.04,229.31,215.01,58.40,430125632,-6.19
2020年9月2日,231.65,227.72,232.86,227.59,34.08,430125632,1.93
2020年9月1日,227.27,225.51,227.45,224.43,24.85,430125632,0.77
2020年8月31日,225.53,227.00,228.61,224.36,28.77,430125632,-1.48
2020年8月28日,228.91,228.18,230.64,226.58,26.29,430125632,1.03
2020年8月27日,226.58,222.53,231.09,219.42,57.60,430125632,2.46
2020年8月26日,221.15,217.85,222.08,217.40,39.60,430125632,2.16
2020年8月25日,216.47,213.10,216.52,213.10,23.04,430125632,1.30
2020年8月24日,213.69,214.80,215.51,212.49,25.46,430125632,0.31
2020年8月21日,213.02,213.86,216.25,212.85,36.25,430125632,-0.73
2020年8月20日,214.58,209.54,214.99,208.96,26.98,430125632,2.33
2020年8月19日,209.70,211.56,212.09,209.39,27.63,430125632,-0.85
2020年8月18日,211.49,210.63,212.35,209.22,21.34,430125632,0.58
2020年8月17日,210.28,209.68,211.18,208.94,20.18,430125632,0.66
2020年8月14日,208.90,208.76,209.59,207.51,17.96,430125632,0.10
2020年8月13日,208.70,209.57,211.33,208.21,22.59,430125632,-0.23
2020年8月12日,209.19,205.37,210.25,204.82,28.04,430125632,2.86
2020年8月11日,203.38,207.16,207.62,203.14,36.45,430125632,-2.34
2020年8月10日,208.25,211.38,211.38,206.35,36.72,430125632,-1.99
2020年8月7日,212.48,214.85,215.70,210.93,27.82,430125632,-1.79
2020年8月6日,216.35,212.45,216.37,211.61,32.66,430125632,1.60
2020年8月5日,212.94,214.65,214.65,211.57,28.86,430125632,-0.16
2020年8月4日,213.29,214.27,214.76,210.36,49.28,430125632,-1.50
2020年8月3日,216.54,211.69,217.62,210.54,78.98,430125632,5.62
2020年7月31日,205.01,204.40,205.10,199.01,51.25,430125632,0.54
2020年7月30日,203.90,201.07,204.41,199.64,25.08,430125632,-0.08
2020年7月29日,204.06,202.50,204.65,202.01,19.63,430125632,1.01
2020年7月28日,202.02,203.87,204.67,201.95,23.25,430125632,-0.90
2020年7月27日,203.85,201.87,203.97,200.89,30.16,430125632,1.27
2020年7月24日,201.30,200.42,202.86,197.51,39.83,430125632,-0.61
2020年7月23日,202.54,207.13,210.86,202.22,67.46,430125632,-4.35
2020年7月22日,211.75,209.17,212.27,208.40,49.61,430125632,1.44
2020年7月21日,208.75,213.31,213.31,208.06,38.11,430125632,-1.35
2020年7月20日,211.60,205.00,212.30,203.01,36.88,430125632,4.30
2020年7月17日,202.88,204.47,205.04,201.39,31.64,430125632,-0.51
2020年7月16日,203.92,205.21,205.59,202.35,29.94,430125632,-1.98
2020年7月15日,208.04,209.63,211.28,205.07,32.18,430125632,-0.15
2020年7月14日,208.35,205.25,208.82,202.18,37.59,430125632,0.62
2020年7月13日,207.07,214.80,215.80,206.69,38.14,430125632,-3.09
2020年7月10日,213.67,213.62,214.08,211.08,26.18,430125632,-0.30
2020年7月9日,214.32,216.31,216.35,211.54,33.12,430125632,0.70
2020年7月8日,212.83,210.00,213.24,208.70,33.60,430125632,2.20
2020年7月7日,208.25,210.45,214.67,207.99,33.60,430125632,-1.16
2020年7月6日,210.70,208.73,211.12,208.10,31.90,430125632,2.15
2020年7月2日,206.26,205.68,208.02,205.00,29.32,430125632,0.76
2020年7月1日,204.70,203.14,206.35,201.77,32.06,430125632,0.58
2020年6月30日,203.51,197.90,204.32,197.77,34.31,430125632,2.55
2020年6月29日,198.44,195.58,198.51,193.57,26.70,430125632,1.07
2020年6月26日,196.33,199.53,199.84,194.90,54.68,430125632,-2.00
2020年6月25日,200.34,197.86,200.54,195.48,27.80,430125632,1.26
2020年6月24日,197.84,201.77,203.22,196.61,36.74,430125632,-2.02
2020年6月23日,201.91,201.88,203.93,201.49,30.92,430125632,0.67
2020年6月22日,200.57,195.68,200.71,195.24,32.82,430125632,2.78
2020年6月19日,195.15,198.55,199.28,194.40,44.44,430125632,-0.60
2020年6月18日,196.32,194.01,196.47,194.01,23.06,430125632,1.07
2020年6月17日,194.24,194.93,196.32,193.76,25.69,430125632,0.35
2020年6月16日,193.57,192.85,195.53,191.50,42.56,430125632,2.45
2020年6月15日,188.94,184.06,190.80,184.06,32.77,430125632,0.64
2020年6月12日,187.74,190.54,191.72,185.18,43.37,430125632,0.79
2020年6月11日,186.27,193.04,195.73,186.16,52.85,430125632,-5.37
2020年6月10日,196.84,191.13,198.50,191.09,43.87,430125632,3.71
2020年6月9日,189.80,188.14,190.70,187.29,29.78,430125632,0.76
2020年6月8日,188.36,185.91,188.49,184.45,33.21,430125632,0.62
2020年6月5日,187.20,182.62,187.73,182.01,39.89,430125632,2.34
2020年6月4日,182.92,184.34,185.83,182.31,28.76,430125632,-1.32
2020年6月3日,185.36,184.97,185.72,183.58,27.31,430125632,0.24
2020年6月2日,184.91,184.25,185.00,181.35,30.79,430125632,1.14
2020年6月1日,182.83,182.35,182.99,181.48,22.67,430125632,-0.23
2020年5月29日,183.25,182.73,184.27,180.41,42.15,430125632,1.02
2020年5月28日,181.40,180.83,184.14,180.42,33.83,430125632,-0.23
2020年5月27日,181.81,180.06,181.96,176.61,39.52,430125632,0.13
2020年5月26日,181.57,186.46,186.46,181.14,36.07,430125632,-1.06
2020年5月22日,183.51,183.19,184.46,182.54,20.83,430125632,0.04
2020年5月21日,183.43,185.60,186.66,183.31,29.12,430125632,-1.20
2020年5月20日,185.66,184.64,185.80,183.96,31.26,430125632,1.11
2020年5月19日,183.63,184.97,186.57,183.57,26.80,430125632,-0.69
2020年5月18日,184.91,185.32,186.20,184.06,35.31,430125632,0.96
2020年5月15日,183.16,179.15,183.46,177.02,46.61,430125632,1.46
2020年5月14日,180.53,177.60,180.65,175.70,41.87,430125632,0.43
2020年5月13日,179.75,182.55,184.03,176.61,44.71,430125632,-1.51
2020年5月12日,182.51,186.80,187.04,182.30,32.04,430125632,-2.27
2020年5月11日,186.74,183.15,187.51,182.85,30.89,430125632,1.12
2020年5月8日,184.68,184.98,185.00,183.36,30.91,430125632,0.59
2020年5月7日,183.60,184.17,184.55,182.58,28.32,430125632,0.58
2020年5月6日,182.54,182.08,184.20,181.63,32.14,430125632,0.98
2020年5月5日,180.76,180.62,183.65,179.90,36.84,430125632,1.07
2020年5月4日,178.84,174.49,179.00,173.80,30.37,430125632,2.45
2020年5月1日,174.57,175.80,178.64,174.01,39.37,430125632,-2.59
2020年4月30日,179.21,180.00,180.40,176.23,53.88,430125632,1.00
2020年4月29日,177.43,173.22,177.68,171.88,51.29,430125632,4.49
2020年4月28日,169.81,175.59,175.67,169.39,34.39,430125632,-2.44
2020年4月27日,174.05,176.59,176.90,173.30,33.19,430125632,-0.29
2020年4月24日,174.55,172.06,174.56,170.71,34.31,430125632,1.83
2020年4月23日,171.42,174.11,175.06,170.91,32.79,430125632,-1.21
2020年4月22日,173.52,171.39,174.00,170.82,34.65,430125632,3.40
2020年4月21日,167.82,173.50,173.67,166.11,56.20,430125632,-4.14
2020年4月20日,175.06,176.63,178.75,174.99,36.67,430125632,-1.98
2020年4月17日,178.60,179.50,180.00,175.87,52.77,430125632,0.88
2020年4月16日,177.04,174.30,177.28,172.90,50.48,430125632,3.00
2020年4月15日,171.88,171.20,173.57,169.24,40.94,430125632,-1.05
2020年4月14日,173.70,169.00,173.75,168.00,52.87,430125632,4.95
2020年4月13日,165.51,164.35,165.57,162.30,41.91,430125632,0.22
2020年4月9日,165.14,166.36,167.37,163.33,51.43,430125632,0.01
2020年4月8日,165.13,165.67,166.67,163.50,48.32,430125632,1.00
2020年4月7日,163.49,169.59,170.00,163.26,62.77,430125632,-1.08
2020年4月6日,165.27,160.32,166.50,157.58,67.11,430125632,7.44
2020年4月3日,153.83,155.10,157.38,152.19,41.24,430125632,-0.92
2020年4月2日,155.26,151.86,155.48,150.36,49.63,430125632,2.07
2020年4月1日,152.11,153.00,157.75,150.82,57.97,430125632,-3.55
2020年3月31日,157.71,159.40,164.78,156.56,77.93,430125632,-1.57
2020年3月30日,160.23,152.44,160.60,150.01,63.42,430125632,7.03
2020年3月27日,149.70,151.75,154.88,149.24,57.04,430125632,-4.11
2020年3月26日,156.11,149.00,156.60,149.00,64.69,430125632,6.26
2020年3月25日,146.92,149.00,154.30,144.59,75.64,430125632,-0.96
2020年3月24日,148.34,143.99,149.56,141.29,82.52,430125632,9.09
2020年3月23日,135.98,137.01,140.57,132.52,78.98,430125632,-1.00
2020年3月20日,137.35,146.00,147.10,135.86,84.87,430125632,-3.76
2020年3月19日,142.71,142.39,150.07,139.10,85.92,430125632,1.65
2020年3月18日,140.40,137.00,145.90,135.07,81.59,430125632,-4.21
2020年3月17日,146.57,140.00,147.50,135.00,81.06,430125632,8.23
2020年3月16日,135.42,140.00,149.35,135.00,87.91,430125632,-14.74
2020年3月13日,158.83,147.50,161.91,140.73,92.73,430125632,14.22
2020年3月12日,139.06,145.30,153.47,138.58,93.23,430125632,-9.48
2020年3月11日,153.63,157.13,157.70,151.15,56.50,430125632,-4.53
2020年3月10日,160.92,158.16,161.03,152.58,65.35,430125632,6.84
2020年3月9日,150.62,151.00,157.75,150.00,70.42,430125632,-6.78
2020年3月6日,161.57,162.61,163.11,156.00,72.82,430125632,-2.83
2020年3月5日,166.27,166.04,170.87,165.69,47.82,430125632,-2.51
2020年3月4日,170.55,168.49,170.70,165.62,49.81,430125632,3.67
2020年3月3日,164.51,173.80,175.00,162.26,71.68,430125632,-4.79
2020年3月2日,172.79,165.31,172.92,162.31,71.03,430125632,6.65
2020年2月28日,162.01,152.41,163.71,152.00,97.07,430125632,2.42
2020年2月27日,158.18,163.32,167.03,157.98,93.17,430125632,-7.05
2020年2月26日,170.17,169.71,173.26,168.21,56.39,430125632,1.25
2020年2月25日,168.07,174.20,174.84,167.65,68.07,430125632,-1.65
2020年2月24日,170.89,167.77,174.55,163.23,68.31,430125632,-4.31
2020年2月21日,178.59,183.17,183.50,177.25,48.60,430125632,-3.16
2020年2月20日,184.42,186.95,187.25,181.10,36.86,430125632,-1.53
2020年2月19日,187.28,188.06,188.18,186.47,30.00,430125632,0.03
2020年2月18日,187.23,185.60,187.70,185.50,27.85,430125632,1.01
2020年2月14日,185.35,183.25,185.41,182.65,23.15,430125632,0.89
2020年2月13日,183.71,183.08,186.23,182.87,35.30,430125632,-0.54
2020年2月12日,184.71,185.58,185.85,181.85,47.06,430125632,0.15
2020年2月11日,184.44,190.65,190.70,183.50,53.16,430125632,-2.26
2020年2月10日,188.70,183.58,188.84,183.25,35.84,430125632,2.62
2020年2月7日,183.89,182.84,185.63,182.48,33.53,430125632,0.14
2020年2月6日,183.63,180.97,183.82,180.06,27.75,430125632,2.07
2020年2月5日,179.90,184.03,184.20,178.41,39.19,430125632,-0.12
2020年2月4日,180.12,177.14,180.64,176.31,36.43,430125632,3.29
2020年2月3日,174.38,170.43,174.50,170.40,30.15,430125632,2.44
2020年1月31日,170.23,172.21,172.40,169.58,36.14,430125632,-1.48
2020年1月30日,172.78,174.05,174.05,170.79,51.60,430125632,2.82
2020年1月29日,168.04,167.84,168.75,165.69,35.13,430125632,1.56
2020年1月28日,165.46,163.78,165.75,163.07,24.90,430125632,1.96
2020年1月27日,162.28,161.15,163.38,160.20,32.08,430125632,-1.67
2020年1月24日,165.04,167.51,167.53,164.45,24.92,430125632,-1.01
2020年1月23日,166.72,166.19,166.80,165.27,19.68,430125632,0.62
2020年1月22日,165.70,167.40,167.49,165.68,24.14,430125632,-0.48
2020年1月21日,166.50,166.68,168.19,166.43,29.52,430125632,-0.36
2020年1月17日,167.10,167.42,167.47,165.43,34.37,430125632,0.56
2020年1月16日,166.17,164.35,166.24,164.03,23.87,430125632,1.83
2020年1月15日,163.18,162.62,163.94,162.57,21.42,430125632,0.65
2020年1月14日,162.13,163.39,163.60,161.72,23.50,430125632,-0.70
2020年1月13日,163.28,161.76,163.31,161.26,21.64,430125632,1.20
2020年1月10日,161.34,162.82,163.22,161.18,20.73,430125632,-0.46
2020年1月9日,162.09,161.84,162.22,161.03,21.40,430125632,1.25
2020年1月8日,160.09,158.93,160.80,157.95,27.76,430125632,1.59
2020年1月7日,157.58,159.32,159.67,157.32,21.88,430125632,-0.91
2020年1月6日,159.03,157.08,159.10,156.51,20.83,430125632,0.26
2020年1月3日,158.62,158.32,159.94,158.06,21.12,430125632,-1.25
2020年1月2日,160.62,158.78,160.73,158.33,22.63,430125632,1.85
2019年12月31日,157.70,156.77,157.77,156.45,18.39,430125632,0.07
2019年12月30日,157.59,158.99,159.02,156.73,16.36,430125632,-0.86
2019年12月27日,158.96,159.45,159.55,158.22,18.41,430125632,0.18
2019年12月26日,158.67,157.56,158.73,157.40,14.53,430125632,0.82
2019年12月24日,157.38,157.48,157.71,157.12,8.99,430125632,-0.02
2019年12月23日,157.41,158.12,158.12,157.27,17.73,430125632,0.00
2019年12月20日,157.41,157.35,158.49,156.29,53.60,430125632,1.09
2019年12月19日,155.71,154.00,155.77,153.75,25.81,430125632,0.87
2019年12月18日,154.37,154.30,155.48,154.18,24.13,430125632,-0.21
2019年12月17日,154.69,155.45,155.71,154.45,25.44,430125632,-0.54
2019年12月16日,155.53,155.11,155.90,154.82,24.15,430125632,0.65
2019年12月13日,154.53,153.00,154.89,152.83,23.85,430125632,0.84
2019年12月12日,153.24,151.65,153.44,151.02,24.65,430125632,1.02
2019年12月11日,151.70,151.54,151.87,150.33,18.86,430125632,0.38
2019年12月10日,151.13,151.29,151.89,150.76,16.48,430125632,-0.15
2019年12月9日,151.36,151.07,152.21,150.91,16.74,430125632,-0.26
2019年12月6日,151.75,150.99,151.87,150.27,16.41,430125632,1.21
2019年12月5日,149.93,150.05,150.32,149.48,17.88,430125632,0.05
2019年12月4日,149.85,150.14,150.18,149.20,17.58,430125632,0.36
2019年12月3日,149.31,147.49,149.43,146.65,25.19,430125632,-0.16
2019年12月2日,149.55,151.81,151.83,148.32,27.47,430125632,-1.21
2019年11月29日,151.38,152.10,152.30,151.28,11.98,430125632,-0.62
2019年11月27日,152.32,152.33,152.50,151.52,15.20,430125632,0.19
2019年11月26日,152.03,151.36,152.42,151.32,24.64,430125632,0.53
2019年11月25日,151.23,150.00,151.35,149.92,22.43,430125632,1.10
2019年11月22日,149.59,150.07,150.30,148.82,15.84,430125632,0.07
2019年11月21日,149.48,149.40,149.80,148.50,18.58,430125632,-0.09
2019年11月20日,149.62,150.31,150.84,148.46,25.72,430125632,-0.51
2019年11月19日,150.39,150.88,151.33,150.19,23.96,430125632,0.03
2019年11月18日,150.34,150.07,150.55,148.98,21.55,430125632,0.25
2019年11月15日,149.97,148.93,149.99,148.27,23.51,430125632,1.29
2019年11月14日,148.06,147.02,148.41,147.00,19.76,430125632,0.51
2019年11月13日,147.31,146.74,147.46,146.28,17.44,430125632,0.16
2019年11月12日,147.07,146.28,147.57,146.06,18.65,430125632,0.66
2019年11月11日,146.11,145.34,146.42,144.73,14.37,430125632,0.10
2019年11月8日,145.96,143.98,145.99,143.76,16.75,430125632,1.18
2019年11月7日,144.26,143.84,144.88,143.77,17.79,430125632,0.14
2019年11月6日,144.06,144.37,144.52,143.20,16.58,430125632,-0.28
2019年11月5日,144.46,144.97,145.02,143.91,18.25,430125632,-0.06
2019年11月4日,144.55,144.83,145.00,144.16,16.91,430125632,0.58
2019年11月1日,143.72,144.26,144.42,142.97,33.13,430125632,0.24
2019年10月31日,143.37,144.90,144.93,142.99,24.61,430125632,-0.86
2019年10月30日,144.61,143.52,145.00,142.79,18.50,430125632,1.25
2019年10月29日,142.83,144.08,144.50,142.65,20.59,430125632,-0.94
2019年10月28日,144.19,144.40,145.67,143.51,35.28,430125632,2.46
2019年10月25日,140.73,139.34,141.14,139.20,25.96,430125632,0.56
2019年10月24日,139.94,139.39,140.42,138.67,37.28,430125632,1.97
2019年10月23日,137.24,136.88,137.45,135.61,31.38,430125632,0.64
2019年10月22日,136.37,138.97,140.01,136.26,27.94,430125632,-1.49
2019年10月21日,138.43,138.45,138.50,137.01,20.72,430125632,0.74
2019年10月18日,137.41,139.76,140.00,136.56,32.28,430125632,-1.63
2019年10月17日,139.69,140.95,141.42,139.02,22.10,430125632,-0.51
2019年10月16日,140.41,140.79,140.99,139.53,20.84,430125632,-0.82
2019年10月15日,141.57,140.06,141.79,139.81,19.92,430125632,1.45
2019年10月14日,139.55,139.69,140.29,139.52,13.59,430125632,-0.09
2019年10月11日,139.68,140.12,141.03,139.50,25.55,430125632,0.42
2019年10月10日,139.10,138.49,139.67,138.25,18.40,430125632,0.62
2019年10月9日,138.24,137.46,138.70,136.97,20.18,430125632,1.89
2019年10月8日,135.67,137.08,137.76,135.62,26.78,430125632,-1.06
2019年10月7日,137.12,137.14,138.18,137.02,16.60,430125632,-0.72
2019年10月4日,138.12,136.75,138.25,136.42,23.84,430125632,1.35
2019年10月3日,136.28,134.95,136.75,133.22,26.38,430125632,1.21
2019年10月2日,134.65,136.25,136.37,133.58,32.00,430125632,-1.77
2019年10月1日,137.07,139.66,140.25,137.00,22.58,430125632,-1.41
2019年9月30日,139.03,138.05,139.22,137.78,18.43,430125632,0.94
2019年9月27日,137.73,140.15,140.36,136.65,22.50,430125632,-1.30
2019年9月26日,139.54,139.44,140.18,138.44,17.81,430125632,0.13
2019年9月25日,139.36,137.50,139.96,136.03,22.54,430125632,1.44
2019年9月24日,137.38,140.36,140.69,136.88,30.02,430125632,-1.26
2019年9月23日,139.14,139.23,139.63,138.44,17.41,430125632,-0.22
2019年9月20日,139.44,141.01,141.65,138.25,40.04,430125632,-1.16
2019年9月19日,141.07,140.30,142.37,140.07,36.10,430125632,1.84
2019年9月18日,138.52,137.36,138.67,136.53,24.47,430125632,0.82
2019年9月17日,137.39,136.96,137.52,136.43,17.98,430125632,0.78
2019年9月16日,136.33,135.83,136.70,135.66,16.73,430125632,-0.72
2019年9月13日,137.32,137.78,138.06,136.57,23.36,430125632,-0.15
2019年9月12日,137.52,137.85,138.42,136.87,27.01,430125632,1.03
2019年9月11日,136.12,135.91,136.27,135.09,24.73,430125632,0.03
2019年9月10日,136.08,136.80,136.89,134.51,28.90,430125632,-1.05
2019年9月9日,137.52,139.59,139.75,136.46,25.77,430125632,-1.14
2019年9月6日,139.10,140.03,140.18,138.20,20.82,430125632,-0.68
2019年9月5日,140.05,139.11,140.38,138.76,26.12,430125632,1.76
2019年9月4日,137.63,137.30,137.69,136.48,18.02,430125632,1.17
2019年9月3日,136.04,136.61,137.20,135.70,18.88,430125632,-1.32
2019年8月30日,137.86,139.15,139.18,136.27,23.95,430125632,-0.19
2019年8月29日,138.12,137.25,138.44,136.91,20.18,430125632,1.89
2019年8月28日,135.56,134.88,135.76,133.55,17.41,430125632,-0.13
2019年8月27日,135.74,136.39,136.72,134.66,23.12,430125632,0.21
2019年8月26日,135.45,134.99,135.56,133.90,20.33,430125632,1.54
2019年8月23日,133.39,137.19,138.35,132.80,38.52,430125632,-3.19
2019年8月22日,137.78,138.66,139.20,136.29,18.71,430125632,-0.73
2019年8月21日,138.79,138.55,139.49,138.00,14.98,430125632,1.11
2019年8月20日,137.26,138.21,138.71,137.24,21.19,430125632,-0.83
2019年8月19日,138.41,137.85,138.55,136.88,24.37,430125632,1.67
2019年8月16日,136.13,134.88,136.46,134.72,25.03,430125632,1.83
2019年8月15日,133.68,134.39,134.58,132.25,28.13,430125632,-0.22
2019年8月14日,133.98,136.36,136.92,133.67,32.53,430125632,-3.33
2019年8月13日,138.60,136.05,138.80,135.00,25.50,430125632,2.07
2019年8月12日,135.79,137.07,137.86,135.24,20.48,430125632,-1.39
2019年8月9日,137.71,138.61,139.38,136.46,23.47,430125632,-0.85
2019年8月8日,138.89,136.60,138.99,135.93,27.50,430125632,2.67
2019年8月7日,135.28,133.79,135.65,131.83,33.41,430125632,0.44
2019年8月6日,134.69,133.80,135.68,133.21,32.70,430125632,1.88
2019年8月5日,132.21,133.30,133.93,130.78,42.75,430125632,-3.43
2019年8月2日,136.90,138.09,138.32,135.26,30.79,430125632,-0.84
2019年8月1日,138.06,137.00,140.94,136.93,40.56,430125632,1.31
2019年7月31日,136.27,140.33,140.49,135.08,38.60,430125632,-2.91
2019年7月30日,140.35,140.14,141.22,139.80,16.85,430125632,-0.48
2019年7月29日,141.03,141.50,141.51,139.37,16.61,430125632,-0.22
2019年7月26日,141.34,140.37,141.68,140.30,19.04,430125632,0.82
2019年7月25日,140.19,140.43,140.61,139.32,18.36,430125632,-0.38
2019年7月24日,140.72,138.90,140.74,138.85,20.74,430125632,1.03
2019年7月23日,139.29,139.76,139.99,138.03,18.03,430125632,0.62
2019年7月22日,138.43,137.41,139.19,137.33,25.08,430125632,1.32
2019年7月19日,136.62,140.22,140.67,136.45,48.99,430125632,0.15
2019年7月18日,136.42,135.55,136.62,134.67,30.81,430125632,0.11
2019年7月17日,136.27,137.70,137.93,136.22,20.21,430125632,-0.59
2019年7月16日,137.08,138.96,139.05,136.52,22.73,430125632,-1.31
2019年7月15日,138.90,139.44,139.54,138.46,16.65,430125632,0.00
2019年7月12日,138.90,138.85,139.13,138.01,18.94,430125632,0.36
2019年7月11日,138.40,138.20,139.22,137.87,22.33,430125632,0.40
2019年7月10日,137.85,137.13,138.58,137.02,24.20,430125632,1.02
2019年7月9日,136.46,136.00,136.97,135.80,19.95,430125632,-0.37
2019年7月8日,136.96,136.40,137.10,135.37,16.78,430125632,-0.07
2019年7月5日,137.06,135.94,137.33,135.72,18.14,430125632,-0.29
2019年7月3日,137.46,136.80,137.74,136.29,13.63,430125632,0.64
2019年7月2日,136.58,136.12,136.59,135.34,15.24,430125632,0.66
2019年7月1日,135.68,136.63,136.70,134.97,22.65,430125632,1.28
2019年6月28日,133.96,134.57,134.60,133.16,30.04,430125632,-0.14
2019年6月27日,134.15,134.14,134.71,133.51,16.56,430125632,0.16
2019年6月26日,133.93,134.35,135.74,133.60,23.66,430125632,0.37
2019年6月25日,133.43,137.25,137.59,132.73,33.33,430125632,-3.16
2019年6月24日,137.78,137.00,138.40,137.00,20.63,430125632,0.59
2019年6月21日,136.97,136.58,137.73,136.46,36.73,430125632,0.01
2019年6月20日,136.95,137.45,137.66,135.72,33.04,430125632,0.93
2019年6月19日,135.69,135.00,135.93,133.81,23.74,430125632,0.39
2019年6月18日,135.16,134.19,135.24,133.57,25.93,430125632,1.74
2019年6月17日,132.85,132.63,133.73,132.53,14.52,430125632,0.30
2019年6月14日,132.45,132.26,133.79,131.64,17.82,430125632,0.10
2019年6月13日,132.32,131.98,132.67,131.56,17.20,430125632,0.63
2019年6月12日,131.49,131.40,131.97,130.71,17.09,430125632,-0.46
2019年6月11日,132.10,133.88,134.24,131.28,23.91,430125632,-0.38
2019年6月10日,132.60,132.40,134.08,132.00,26.48,430125632,0.91
2019年6月7日,131.40,129.19,132.25,128.26,33.89,430125632,2.80
2019年6月6日,127.82,126.44,127.97,125.60,21.46,430125632,1.58
2019年6月5日,125.83,124.95,125.87,124.21,24.93,430125632,2.17
2019年6月4日,123.16,121.28,123.28,120.65,29.38,430125632,2.77
2019年6月3日,119.84,123.85,124.37,119.01,37.98,430125632,-3.10
2019年5月31日,123.68,124.23,124.61,123.32,26.65,430125632,-1.63
2019年5月30日,125.73,125.26,125.76,124.78,16.83,430125632,0.63
2019年5月29日,124.94,125.38,125.39,124.04,22.76,430125632,-0.97
2019年5月28日,126.16,126.98,128.00,126.05,23.13,430125632,-0.06
2019年5月24日,126.24,126.91,127.42,125.97,14.12,430125632,0.05
2019年5月23日,126.18,126.20,126.29,124.74,23.60,430125632,-1.17
2019年5月22日,127.67,126.62,128.24,126.52,15.40,430125632,0.61
2019年5月21日,126.90,127.43,127.53,126.58,15.29,430125632,0.54
2019年5月20日,126.22,126.52,127.59,125.76,23.71,430125632,-1.44
2019年5月17日,128.07,128.31,130.46,127.92,25.77,430125632,-0.67
2019年5月16日,128.93,126.75,129.38,126.46,30.11,430125632,2.31
2019年5月15日,126.02,124.26,126.71,123.70,24.72,430125632,1.03
2019年5月14日,124.73,123.87,125.88,123.70,25.27,430125632,1.12
2019年5月13日,123.35,124.11,125.55,123.04,33.94,430125632,-2.97
2019年5月10日,127.13,124.91,127.93,123.82,30.92,430125632,1.30
2019年5月9日,125.50,124.29,125.79,123.57,27.24,430125632,-0.01
2019年5月8日,125.51,125.44,126.37,124.75,28.42,430125632,-0.01
2019年5月7日,125.52,126.46,127.18,124.22,36.02,430125632,-2.05
2019年5月6日,128.15,126.39,128.56,126.11,24.24,430125632,-0.58
2019年5月3日,128.90,127.36,129.43,127.25,24.91,430125632,2.13
2019年5月2日,126.21,127.98,128.00,125.52,27.35,430125632,-1.31
2019年5月1日,127.88,130.53,130.65,127.70,26.82,430125632,-2.08
2019年4月30日,130.60,129.81,130.70,129.39,24.17,430125632,0.64
2019年4月29日,129.77,129.90,130.18,129.35,16.32,430125632,-0.09
2019年4月26日,129.89,129.70,130.52,129.02,23.65,430125632,0.57
2019年4月25日,129.15,130.06,131.37,128.83,38.03,430125632,3.31
2019年4月24日,125.01,125.79,125.85,124.52,31.26,430125632,-0.34
2019年4月23日,125.44,124.10,125.58,123.83,24.03,430125632,1.36
2019年4月22日,123.76,122.62,124.00,122.57,15.65,430125632,0.32
2019年4月18日,123.37,122.19,123.52,121.30,27.99,430125632,1.31
2019年4月17日,121.77,121.24,121.85,120.54,19.30,430125632,0.83
2019年4月16日,120.77,121.64,121.65,120.10,14.07,430125632,-0.23
2019年4月15日,121.05,120.94,121.58,120.57,15.79,430125632,0.08
2019年4月12日,120.95,120.64,120.98,120.37,19.75,430125632,0.52
2019年4月11日,120.33,120.54,120.85,119.92,14.21,430125632,0.12
2019年4月10日,120.19,119.76,120.35,119.54,16.48,430125632,0.76
2019年4月9日,119.28,118.63,119.54,118.58,17.61,430125632,-0.54
2019年4月8日,119.93,119.81,120.02,118.64,15.12,430125632,0.03
2019年4月5日,119.89,119.39,120.23,119.37,15.83,430125632,0.44
2019年4月4日,119.36,120.10,120.23,118.38,20.11,430125632,-0.51
2019年4月3日,119.97,119.86,120.43,119.15,22.86,430125632,0.65
2019年4月2日,119.19,119.06,119.48,118.52,18.14,430125632,0.14
2019年4月1日,119.02,118.95,119.11,118.10,22.79,430125632,0.92
2019年3月29日,117.94,118.07,118.32,116.96,25.40,430125632,0.86
2019年3月28日,116.93,117.44,117.58,116.13,18.33,430125632,0.14
2019年3月27日,116.77,117.88,118.21,115.52,22.73,430125632,-0.97
2019年3月26日,117.91,118.62,118.70,116.85,26.10,430125632,0.21
2019年3月25日,117.66,116.56,118.01,116.32,27.07,430125632,0.52
2019年3月22日,117.05,119.50,119.59,117.04,33.62,430125632,-2.64
2019年3月21日,120.22,117.14,120.82,117.09,29.85,430125632,2.30
2019年3月20日,117.52,117.39,118.75,116.71,28.11,430125632,-0.11
2019年3月19日,117.65,118.09,118.44,116.99,37.59,430125632,0.07
2019年3月18日,117.57,116.17,117.61,116.05,31.21,430125632,1.43
2019年3月15日,115.91,115.34,117.25,114.59,54.63,430125632,1.15
2019年3月14日,114.59,114.54,115.20,114.33,30.76,430125632,0.08
2019年3月13日,114.50,114.13,115.00,113.78,35.51,430125632,0.77
2019年3月12日,113.62,112.82,113.99,112.65,26.13,430125632,0.70
2019年3月11日,112.83,110.99,112.95,110.98,26.49,430125632,2.10
2019年3月8日,110.51,109.16,110.71,108.80,22.82,430125632,0.11
2019年3月7日,110.39,111.40,111.55,109.86,25.34,430125632,-1.22
2019年3月6日,111.75,111.87,112.66,111.43,17.69,430125632,0.04
2019年3月5日,111.70,112.25,112.39,111.23,19.54,430125632,-0.50
2019年3月4日,112.26,113.02,113.25,110.80,26.61,430125632,-0.24
2019年3月1日,112.53,112.89,113.02,111.67,23.50,430125632,0.45
2019年2月28日,112.03,112.04,112.88,111.73,29.08,430125632,-0.12
2019年2月27日,112.17,111.69,112.36,110.88,21.49,430125632,-0.17
2019年2月26日,112.36,111.26,113.24,111.17,21.54,430125632,0.69
2019年2月25日,111.59,111.76,112.18,111.26,23.75,430125632,0.56
2019年2月22日,110.97,110.05,111.20,109.82,27.76,430125632,1.43
2019年2月21日,109.41,106.90,109.48,106.87,29.06,430125632,2.11
2019年2月20日,107.15,107.86,107.94,106.29,21.61,430125632,-0.94
2019年2月19日,108.17,107.79,108.66,107.78,18.04,430125632,-0.05
2019年2月15日,108.22,107.91,108.30,107.36,26.61,430125632,1.23
2019年2月14日,106.90,106.31,107.29,105.66,21.78,430125632,0.08
2019年2月13日,106.81,107.50,107.78,106.71,18.39,430125632,-0.07
2019年2月12日,106.89,106.14,107.14,105.48,25.06,430125632,1.56
2019年2月11日,105.25,106.20,106.58,104.97,18.91,430125632,-0.40
2019年2月8日,105.67,104.39,105.78,104.26,21.46,430125632,0.38
2019年2月7日,105.27,105.19,105.59,104.29,29.76,430125632,-0.72
2019年2月6日,106.03,107.00,107.00,105.53,20.61,430125632,-1.11
2019年2月5日,107.22,106.06,107.27,105.96,27.33,430125632,1.40
2019年2月4日,105.74,102.87,105.80,102.77,31.32,430125632,2.88
2019年2月1日,102.78,103.78,104.10,102.35,35.54,430125632,-1.58
2019年1月31日,104.43,103.80,105.22,103.18,55.64,430125632,-1.83
2019年1月30日,106.38,104.62,106.38,104.33,49.47,430125632,3.34
2019年1月29日,102.94,104.88,104.97,102.17,31.49,430125632,-2.04
2019年1月28日,105.08,106.26,106.48,104.66,29.48,430125632,-1.95
2019年1月25日,107.17,107.24,107.88,106.59,31.22,430125632,0.91
2019年1月24日,106.20,106.86,107.00,105.34,23.16,430125632,-0.48
2019年1月23日,106.71,106.12,107.04,105.34,25.87,430125632,0.97
2019年1月22日,105.68,106.75,107.10,104.86,32.37,430125632,-1.88
2019年1月18日,107.71,107.46,107.90,105.91,37.43,430125632,1.50
2019年1月17日,106.12,105.00,106.62,104.76,28.39,430125632,0.70
2019年1月16日,105.38,105.26,106.25,104.96,29.85,430125632,0.35
2019年1月15日,105.01,102.51,105.05,101.88,31.59,430125632,2.90
2019年1月14日,102.05,101.90,102.87,101.26,28.44,430125632,-0.73
2019年1月11日,102.80,103.19,103.44,101.64,28.31,430125632,-0.77
2019年1月10日,103.60,103.22,103.75,102.38,30.07,430125632,-0.64
2019年1月9日,104.27,103.86,104.88,103.24,32.28,430125632,1.43
2019年1月8日,102.80,103.04,103.97,101.71,31.51,430125632,0.73
2019年1月7日,102.06,101.64,103.27,100.98,35.66,430125632,0.13
2019年1月4日,101.93,99.72,102.51,98.93,44.06,430125632,4.65
2019年1月3日,97.40,100.10,100.19,97.20,42.58,430125632,-3.68
2019年1月2日,101.12,99.55,101.75,98.94,35.33,430125632,-0.44
2018年12月31日,101.57,101.29,102.40,100.44,33.17,430125632,1.18
2018年12月28日,100.39,102.09,102.41,99.52,38.17,430125632,-0.78
2018年12月27日,101.18,99.30,101.19,96.40,49.50,430125632,0.62
2018年12月26日,100.56,95.14,100.69,93.96,51.63,430125632,6.83
2018年12月24日,94.13,97.68,97.97,93.98,43.94,430125632,-4.17
2018年12月21日,98.23,101.63,103.00,97.46,111.24,430125632,-3.23
2018年12月20日,101.51,103.05,104.31,98.78,70.33,430125632,-2.10
2018年12月19日,103.69,103.65,106.88,101.35,68.20,430125632,-0.27
2018年12月18日,103.97,103.75,104.51,102.52,49.32,430125632,1.05
2018年12月17日,102.89,105.41,105.80,101.71,56.96,430125632,-2.96
2018年12月14日,106.03,108.25,109.26,105.50,47.04,430125632,-3.12
2018年12月13日,109.45,109.58,110.87,108.63,31.33,430125632,0.34
2018年12月12日,109.08,110.89,111.27,109.04,36.18,430125632,0.45
2018年12月11日,108.59,109.80,110.95,107.44,42.38,430125632,0.93
2018年12月10日,107.59,104.80,107.98,103.89,40.80,430125632,2.64
2018年12月7日,104.82,108.38,109.45,104.30,45.04,430125632,-4.00
2018年12月6日,109.19,105.82,109.24,105.00,49.11,430125632,0.62
2018年12月4日,108.52,111.94,112.64,108.21,45.20,430125632,-3.18
2018年12月3日,112.09,113.00,113.42,110.73,34.73,430125632,1.08
2018年11月30日,110.89,110.70,110.97,109.36,33.67,430125632,0.64
2018年11月29日,110.19,110.33,111.11,109.03,28.12,430125632,-0.84
2018年11月28日,111.12,107.89,111.33,107.86,46.79,430125632,3.71
2018年11月27日,107.14,106.27,107.33,105.36,29.12,430125632,0.63
2018年11月26日,106.47,104.79,106.63,104.58,32.34,430125632,3.30
2018年11月23日,103.07,102.17,103.81,102.00,13.82,430125632,-0.04
2018年11月21日,103.11,103.60,104.43,102.24,28.13,430125632,1.38
2018年11月20日,101.71,101.80,102.97,99.35,64.05,430125632,-2.78
2018年11月19日,104.62,108.27,108.56,103.55,44.77,430125632,-3.39
2018年11月16日,108.29,107.08,108.88,106.80,33.50,430125632,0.94
2018年11月15日,107.28,104.99,107.80,103.91,38.51,430125632,2.20
2018年11月14日,104.97,108.10,108.26,104.47,39.50,430125632,-1.84
2018年11月13日,106.94,107.55,108.74,106.64,35.37,430125632,0.07
2018年11月12日,106.87,109.42,109.96,106.10,33.62,430125632,-2.46
2018年11月9日,109.57,110.85,111.45,108.76,32.04,430125632,-1.95
2018年11月8日,111.75,111.80,112.21,110.91,25.64,430125632,-0.19
2018年11月7日,111.96,109.44,112.24,109.40,37.90,430125632,3.94
2018年11月6日,107.72,107.38,108.84,106.28,24.34,430125632,0.20
2018年11月5日,107.51,106.37,107.74,105.90,27.92,430125632,1.27
2018年11月2日,106.16,106.48,107.32,104.97,37.68,430125632,0.23
2018年11月1日,105.92,107.05,107.32,105.53,33.38,430125632,-0.83
2018年10月31日,106.81,105.44,108.14,105.39,51.06,430125632,2.97
2018年10月30日,103.73,103.66,104.38,100.11,65.35,430125632,-0.12
2018年10月29日,103.85,108.11,108.70,101.63,55.16,430125632,-2.91
2018年10月26日,106.96,105.69,108.75,104.76,55.52,430125632,-1.24
2018年10月25日,108.30,106.55,109.27,106.15,61.65,430125632,5.84
2018年10月24日,102.32,108.41,108.49,101.59,63.90,430125632,-5.35
2018年10月23日,108.10,107.77,108.97,105.11,43.77,430125632,-1.40
2018年10月22日,109.63,109.32,110.54,108.24,26.55,430125632,0.89
2018年10月19日,108.66,108.93,110.86,108.21,32.79,430125632,0.15
2018年10月18日,108.50,110.10,110.53,107.83,32.51,430125632,-2.00
2018年10月17日,110.71,111.68,111.81,109.55,26.55,430125632,-0.26
2018年10月16日,111.00,109.54,111.41,108.95,31.61,430125632,3.16
2018年10月15日,107.60,108.91,109.48,106.95,32.07,430125632,-1.80
2018年10月12日,109.57,109.01,111.24,107.12,47.74,430125632,3.46
2018年10月11日,105.91,105.35,108.93,104.20,63.90,430125632,-0.24
2018年10月10日,106.16,111.24,111.50,105.79,61.38,430125632,-5.43
2018年10月9日,112.26,111.14,113.08,110.80,26.20,430125632,1.27
2018年10月8日,110.85,111.66,112.03,109.34,29.64,430125632,-1.14
2018年10月5日,112.13,112.63,113.17,110.64,29.07,430125632,-0.59
2018年10月4日,112.79,114.61,114.76,111.63,34.82,430125632,-2.07
2018年10月3日,115.17,115.42,116.18,114.93,16.65,430125632,0.02
2018年10月2日,115.15,115.30,115.84,114.44,20.79,430125632,-0.40
2018年10月1日,115.61,114.75,115.68,114.73,18.88,430125632,1.08
2018年9月28日,114.37,114.19,114.57,113.68,21.65,430125632,-0.03
2018年9月27日,114.41,114.78,114.91,114.20,19.09,430125632,0.38
2018年9月26日,113.98,114.47,115.06,113.74,19.35,430125632,-0.41
2018年9月25日,114.45,114.80,115.10,113.75,22.67,430125632,-0.19
2018年9月24日,114.67,113.03,114.90,112.22,27.33,430125632,0.36
2018年9月21日,114.26,114.00,115.29,113.51,71.23,430125632,0.61
2018年9月20日,113.57,112.28,113.80,111.93,23.71,430125632,1.67
2018年9月19日,111.70,113.05,113.32,111.03,21.73,430125632,-1.33
2018年9月18日,113.21,112.19,113.69,111.72,22.17,430125632,0.95
2018年9月17日,112.14,113.69,113.70,111.86,20.74,430125632,-1.08
2018年9月14日,113.37,113.36,113.73,112.44,19.12,430125632,0.41
2018年9月13日,112.91,112.12,113.72,112.12,26.06,430125632,1.07
2018年9月12日,111.71,111.43,111.85,110.51,18.89,430125632,0.42
2018年9月11日,111.24,108.90,111.59,108.89,24.30,430125632,1.70
2018年9月10日,109.38,108.84,109.64,108.36,20.73,430125632,1.08
2018年9月7日,108.21,108.23,108.72,107.23,22.50,430125632,-0.49
2018年9月6日,108.74,108.25,108.99,107.51,23.48,430125632,0.23
2018年9月5日,108.49,111.01,111.42,108.10,32.87,430125632,-2.88
2018年9月4日,111.71,110.85,111.95,110.22,22.63,430125632,-0.55
2018年8月31日,112.33,111.69,112.78,111.52,23.22,430125632,0.34
2018年8月30日,111.95,111.67,112.61,111.44,22.80,430125632,-0.06
2018年8月29日,112.02,110.45,112.03,110.27,20.82,430125632,1.60
2018年8月28日,110.26,109.94,110.50,109.79,19.15,430125632,0.60
2018年8月27日,109.60,109.27,109.64,108.51,19.66,430125632,1.11
2018年8月24日,108.40,107.67,108.56,107.56,17.23,430125632,0.78
2018年8月23日,107.56,107.15,108.18,106.87,18.17,430125632,0.47
2018年8月22日,107.06,105.85,107.34,105.78,18.00,430125632,1.02
2018年8月21日,105.98,106.92,107.35,105.85,22.88,430125632,-0.83
2018年8月20日,106.87,107.51,107.90,106.48,17.91,430125632,-0.66
2018年8月17日,107.58,107.36,107.90,106.69,18.06,430125632,-0.06
2018年8月16日,107.64,108.30,108.86,107.30,21.38,430125632,-0.02
2018年8月15日,107.66,108.49,108.98,106.82,29.98,430125632,-1.73
2018年8月14日,109.56,108.56,109.75,108.04,16.79,430125632,1.25
2018年8月13日,108.21,109.24,109.58,108.10,18.47,430125632,-0.72
2018年8月10日,109.00,109.42,109.69,108.38,18.18,430125632,-0.61
2018年8月9日,109.67,109.71,110.16,109.60,13.68,430125632,0.16
2018年8月8日,109.49,109.33,109.75,108.76,15.49,430125632,0.56
2018年8月7日,108.88,108.56,109.10,108.17,16.08,430125632,0.69
2018年8月6日,108.13,108.12,108.42,107.56,20.27,430125632,0.08
2018年8月3日,108.04,107.80,108.05,106.82,18.66,430125632,0.44
2018年8月2日,107.57,105.40,108.09,104.84,26.10,430125632,1.21
2018年8月1日,106.28,106.03,106.45,105.42,23.63,430125632,0.19
2018年7月31日,106.08,106.49,106.72,105.38,27.66,430125632,0.67
2018年7月30日,105.37,107.19,107.53,104.76,34.67,430125632,-2.15
2018年7月27日,107.68,110.18,110.18,106.14,37.01,430125632,-1.77
2018年7月26日,109.62,110.74,111.00,109.50,31.37,430125632,-1.09
2018年7月25日,110.83,107.95,111.15,107.60,30.80,430125632,2.94
2018年7月24日,107.66,108.57,108.82,107.26,26.32,430125632,-0.29
2018年7月23日,107.97,106.30,108.14,106.13,29.71,430125632,1.60
2018年7月20日,106.27,108.08,108.20,106.08,56.04,430125632,1.79
2018年7月19日,104.40,104.93,105.31,103.89,40.17,430125632,-0.68
2018年7月18日,105.12,105.94,106.05,104.72,29.49,430125632,-0.78
2018年7月17日,105.95,104.61,106.50,104.32,25.90,430125632,0.99
2018年7月16日,104.91,105.40,105.82,104.52,21.79,430125632,-0.49
2018年7月13日,105.43,104.37,105.60,104.09,24.65,430125632,1.19
2018年7月12日,104.19,102.77,104.41,102.73,24.34,430125632,2.17
2018年7月11日,101.98,101.15,102.34,101.10,19.64,430125632,-0.14
2018年7月10日,102.12,102.00,102.51,101.86,19.29,430125632,0.27
2018年7月9日,101.85,101.65,102.25,101.25,18.21,430125632,0.68
2018年7月6日,101.16,99.89,101.43,99.67,19.23,430125632,1.40
2018年7月5日,99.76,99.50,99.92,99.03,18.98,430125632,0.72
2018年7月3日,99.05,100.48,100.63,98.94,14.67,430125632,-0.96
2018年7月2日,100.01,98.10,100.06,98.00,19.56,430125632,1.42
2018年6月29日,98.61,98.93,99.91,98.33,28.05,430125632,-0.02
2018年6月28日,98.63,97.38,99.11,97.26,26.65,430125632,1.12
2018年6月27日,97.54,99.58,100.02,97.40,31.30,430125632,-1.55
2018年6月26日,99.08,98.82,100.08,98.75,26.90,430125632,0.70
2018年6月25日,98.39,100.00,100.11,97.30,35.43,430125632,-2.01
2018年6月22日,100.41,100.41,100.77,99.62,38.92,430125632,-0.72
2018年6月21日,101.14,102.08,102.46,100.88,23.20,430125632,-0.72
2018年6月20日,101.87,101.37,102.52,101.12,26.18,430125632,1.00
2018年6月19日,100.86,99.65,101.00,99.50,28.65,430125632,0.00
2018年6月18日,100.86,100.01,101.11,99.42,23.59,430125632,0.73
2018年6月15日,100.13,101.51,101.53,100.07,65.74,430125632,-1.27
2018年6月14日,101.42,101.65,102.03,101.00,25.69,430125632,0.57
2018年6月13日,100.85,101.72,102.01,100.56,29.49,430125632,-0.45
2018年6月12日,101.31,101.10,101.45,100.75,18.33,430125632,0.26
2018年6月11日,101.05,101.37,101.59,100.67,23.49,430125632,-0.57
2018年6月8日,101.63,101.09,101.95,100.54,22.17,430125632,0.74
2018年6月7日,100.88,102.65,102.69,100.38,28.23,430125632,-1.57
2018年6月6日,102.49,102.48,102.60,101.90,21.12,430125632,0.29
2018年6月5日,102.19,102.00,102.33,101.53,23.51,430125632,0.51
2018年6月4日,101.67,101.26,101.86,100.85,27.28,430125632,0.87
2018年6月1日,100.79,99.28,100.86,99.17,28.66,430125632,1.97
2018年5月31日,98.84,99.29,99.99,98.61,34.14,430125632,-0.11
2018年5月30日,98.95,98.31,99.25,97.91,22.16,430125632,0.96
2018年5月29日,98.01,97.84,98.88,97.23,28.67,430125632,-0.36
2018年5月25日,98.36,98.30,98.98,97.86,18.36,430125632,0.05
2018年5月24日,98.31,98.72,98.94,96.81,26.65,430125632,-0.35
2018年5月23日,98.66,96.71,98.73,96.32,21.25,430125632,1.19
2018年5月22日,97.50,97.68,98.17,97.20,15.44,430125632,-0.10
2018年5月21日,97.60,97.00,98.01,96.80,19.42,430125632,1.29
2018年5月18日,96.36,96.01,96.93,96.01,17.87,430125632,0.19
2018年5月17日,96.18,96.76,97.54,95.83,17.25,430125632,-1.00
2018年5月16日,97.15,97.36,97.40,96.61,17.38,430125632,-0.17
2018年5月15日,97.32,97.24,97.85,96.34,24.59,430125632,-0.72
2018年5月14日,98.03,97.92,98.69,97.31,19.45,430125632,0.34
2018年5月11日,97.70,97.80,97.87,97.04,16.78,430125632,-0.21
2018年5月10日,97.91,97.46,97.95,97.05,22.39,430125632,1.00
2018年5月9日,96.94,96.01,96.97,95.05,27.33,430125632,1.18
2018年5月8日,95.81,95.85,96.16,95.06,23.48,430125632,-0.43
2018年5月7日,96.22,95.17,96.71,95.10,24.24,430125632,1.11
2018年5月4日,95.16,93.32,95.37,92.92,22.53,430125632,1.16
2018年5月3日,94.07,92.96,94.92,92.45,31.14,430125632,0.60
2018年5月2日,93.51,94.99,95.17,93.19,27.47,430125632,-1.57
2018年5月1日,95.00,93.21,95.29,92.79,31.41,430125632,1.58
2018年4月30日,93.52,96.33,96.40,93.15,41.52,430125632,-2.40
2018年4月27日,95.82,97.60,97.90,93.91,48.27,430125632,1.65
2018年4月26日,94.26,93.55,95.15,93.10,42.53,430125632,2.11
2018年4月25日,92.31,93.30,93.30,90.28,33.73,430125632,-0.87
2018年4月24日,93.12,96.24,96.47,92.41,34.52,430125632,-2.34
2018年4月23日,95.35,95.74,96.29,94.63,22.33,430125632,0.37
2018年4月20日,95.00,95.91,96.11,94.05,31.15,430125632,-1.15
2018年4月19日,96.11,96.44,97.07,95.34,23.55,430125632,-0.34
2018年4月18日,96.44,96.22,96.72,95.52,21.04,430125632,0.39
2018年4月17日,96.07,95.00,96.54,94.88,26.77,430125632,2.02
2018年4月16日,94.17,94.07,94.66,93.42,20.29,430125632,1.17
2018年4月13日,93.08,94.05,94.18,92.44,23.35,430125632,-0.53
2018年4月12日,93.58,92.43,94.16,92.43,26.76,430125632,1.87
2018年4月11日,91.86,92.01,93.29,91.48,24.87,430125632,-1.10
2018年4月10日,92.88,92.39,93.28,91.64,26.94,430125632,2.32
2018年4月9日,90.77,91.04,93.17,90.62,31.53,430125632,0.60
2018年4月6日,90.23,91.49,92.46,89.48,38.03,430125632,-2.33
2018年4月5日,92.38,92.44,93.06,91.40,29.77,430125632,0.05
2018年4月4日,92.33,87.85,92.76,87.73,35.56,430125632,2.92
2018年4月3日,89.71,89.58,90.05,87.89,37.21,430125632,1.34
2018年4月2日,88.52,90.47,90.88,87.51,48.52,430125632,-3.01
2018年3月29日,91.27,90.18,92.29,88.40,45.87,430125632,2.10
2018年3月28日,89.39,89.82,91.23,88.87,52.50,430125632,-0.09
2018年3月27日,89.47,94.94,95.14,88.51,56.57,430125632,-4.60
2018年3月26日,93.78,90.61,94.00,90.40,56.40,430125632,7.57
2018年3月23日,87.18,89.50,90.46,87.08,44.07,430125632,-2.91
2018年3月22日,89.79,91.27,91.75,89.66,38.60,430125632,-2.91
2018年3月21日,92.48,92.93,94.05,92.21,24.46,430125632,-0.70
2018年3月20日,93.13,93.05,93.77,93.00,23.08,430125632,0.26
2018年3月19日,92.89,93.74,93.90,92.11,33.34,430125632,-1.81
2018年3月16日,94.60,94.68,95.38,93.92,49.08,430125632,0.45
2018年3月15日,94.18,93.53,94.58,92.83,27.61,430125632,0.35
2018年3月14日,93.85,95.12,95.41,93.50,32.13,430125632,-0.59
2018年3月13日,94.41,97.00,97.24,93.97,35.39,430125632,-2.44
2018年3月12日,96.77,96.50,97.21,96.04,26.07,430125632,0.24
2018年3月9日,96.54,95.29,96.54,95.00,36.94,430125632,2.23
2018年3月8日,94.43,94.27,95.10,93.77,25.89,430125632,0.61
2018年3月7日,93.86,93.16,93.94,92.43,26.72,430125632,0.58
2018年3月6日,93.32,94.34,94.49,92.94,22.18,430125632,-0.34
2018年3月5日,93.64,92.34,94.27,92.26,23.90,430125632,0.63
2018年3月2日,93.05,91.58,93.15,90.86,32.83,430125632,0.22
2018年3月1日,92.85,93.99,94.57,91.84,37.14,430125632,-0.98
2018年2月28日,93.77,94.84,95.70,93.63,31.17,430125632,-0.46
2018年2月27日,94.20,95.74,95.84,94.20,25.87,430125632,-1.28
2018年2月26日,95.42,94.40,95.45,94.25,30.20,430125632,1.45
2018年2月23日,94.06,92.75,94.07,92.36,26.33,430125632,2.54
2018年2月22日,91.73,92.05,92.73,91.36,24.39,430125632,0.26
2018年2月21日,91.49,92.98,93.36,91.49,26.92,430125632,-1.33
2018年2月20日,92.72,91.47,93.06,91.01,30.91,430125632,0.78
2018年2月16日,92.00,92.45,93.50,91.80,30.60,430125632,-0.71
2018年2月15日,92.66,91.21,92.72,90.62,27.82,430125632,2.04
2018年2月14日,90.81,88.51,90.99,88.41,34.96,430125632,1.09
2018年2月13日,89.83,88.93,90.00,87.80,26.41,430125632,0.79
2018年2月12日,89.13,88.73,89.78,87.93,35.72,430125632,1.08
2018年2月9日,88.18,86.30,88.93,83.83,63.50,430125632,3.73
2018年2月8日,85.01,89.71,89.88,84.76,55.63,430125632,-5.13
2018年2月7日,89.61,90.49,91.77,89.20,41.11,430125632,-1.88
2018年2月6日,91.33,86.89,91.47,85.25,68.00,430125632,3.78
2018年2月5日,88.00,90.56,93.24,88.00,51.03,430125632,-4.12
2018年2月2日,91.78,93.64,93.97,91.50,47.87,430125632,-2.63
2018年2月1日,94.26,94.79,96.07,93.58,47.23,430125632,-0.79
2018年1月31日,95.01,93.75,95.40,93.51,48.76,430125632,2.45
2018年1月30日,92.74,93.30,93.66,92.10,38.64,430125632,-1.26
2018年1月29日,93.92,95.14,95.45,93.72,31.57,430125632,-0.15
2018年1月26日,94.06,93.12,94.06,92.58,29.17,430125632,1.87
2018年1月25日,92.33,92.47,93.24,91.93,26.38,430125632,0.56
2018年1月24日,91.82,92.55,93.43,91.58,33.28,430125632,-0.09
2018年1月23日,91.90,91.90,92.30,91.54,23.41,430125632,0.32
2018年1月22日,91.61,90.00,91.62,89.74,23.60,430125632,1.79
2018年1月19日,90.00,90.14,90.61,89.66,36.88,430125632,-0.11
2018年1月18日,90.10,89.80,90.67,89.66,24.16,430125632,-0.04
2018年1月17日,90.14,89.08,90.28,88.75,25.62,430125632,2.03
2018年1月16日,88.35,90.10,90.79,88.01,36.60,430125632,-1.40
2018年1月12日,89.60,88.67,89.78,88.45,24.27,430125632,1.73
2018年1月11日,88.08,88.13,88.13,87.24,17.81,430125632,0.30
2018年1月10日,87.82,87.86,88.19,87.41,18.65,430125632,-0.45
2018年1月9日,88.22,88.65,88.73,87.86,19.48,430125632,-0.07
2018年1月8日,88.28,88.20,88.58,87.60,22.11,430125632,0.10
2018年1月5日,88.19,87.66,88.41,87.43,23.41,430125632,1.24
2018年1月4日,87.11,86.59,87.66,86.57,21.91,430125632,0.88
2018年1月3日,86.35,86.06,86.51,85.97,26.06,430125632,0.47
2018年1月2日,85.95,86.12,86.31,85.50,22.48,430125632,0.48
2017年12月29日,85.54,85.63,86.05,85.50,18.72,430125632,-0.21
2017年12月28日,85.72,85.90,85.93,85.55,10.59,430125632,0.01
2017年12月27日,85.71,85.65,85.98,85.22,14.68,430125632,0.36
2017年12月26日,85.40,85.31,85.53,85.03,9.89,430125632,-0.13
2017年12月22日,85.51,85.40,85.63,84.92,14.15,430125632,0.01
2017年12月21日,85.50,86.05,86.10,85.40,17.99,430125632,-0.02
2017年12月20日,85.52,86.20,86.30,84.71,23.67,430125632,-0.36
2017年12月19日,85.83,86.35,86.35,85.27,23.52,430125632,-0.64
2017年12月18日,86.38,87.12,87.50,86.23,22.28,430125632,-0.54
2017年12月15日,86.85,85.26,87.09,84.88,53.94,430125632,2.55
2017年12月14日,84.69,85.43,85.87,84.53,19.31,430125632,-0.77
2017年12月13日,85.35,85.74,86.00,85.17,22.06,430125632,-0.27
2017年12月12日,85.58,85.31,86.05,85.08,23.92,430125632,0.41
2017年12月11日,85.23,84.29,85.37,84.12,22.86,430125632,1.27
2017年12月8日,84.16,83.63,84.58,83.33,24.49,430125632,2.02
2017年12月7日,82.49,82.54,82.80,82.00,23.18,430125632,-0.35
2017年12月6日,82.78,81.55,83.14,81.43,26.16,430125632,1.46
2017年12月5日,81.59,81.34,82.68,80.98,26.15,430125632,0.63
2017年12月4日,81.08,84.42,84.43,80.70,39.09,430125632,-3.77
2017年12月1日,84.26,83.60,84.81,83.22,29.53,430125632,0.11
2017年11月30日,84.17,83.51,84.52,83.34,33.05,430125632,1.00
2017年11月29日,83.34,84.71,84.92,83.17,27.38,430125632,-1.81
2017年11月28日,84.88,84.07,85.06,84.02,21.93,430125632,1.20
2017年11月27日,83.87,83.31,83.98,83.30,18.27,430125632,0.73
2017年11月24日,83.26,83.01,83.43,82.78,7.43,430125632,0.18
2017年11月22日,83.11,83.83,83.90,83.04,20.55,430125632,-0.73
2017年11月21日,83.72,82.74,83.84,82.74,21.24,430125632,1.44
2017年11月20日,82.53,82.40,82.59,82.25,16.31,430125632,0.16
2017年11月17日,82.40,83.12,83.12,82.24,22.08,430125632,-0.96
2017年11月16日,83.20,83.10,83.42,82.94,20.96,430125632,0.27
2017年11月15日,82.98,83.47,83.69,82.69,19.38,430125632,-1.27
2017年11月14日,84.05,83.50,84.10,82.98,18.80,430125632,0.14
2017年11月13日,83.93,83.66,83.94,83.46,14.20,430125632,0.07
2017年11月10日,83.87,83.79,84.09,83.23,19.40,430125632,-0.26
2017年11月9日,84.09,84.11,84.27,82.90,21.18,430125632,-0.56
2017年11月8日,84.56,84.14,84.61,83.83,18.03,430125632,0.34
2017年11月7日,84.27,84.77,84.90,83.93,17.94,430125632,-0.24
2017年11月6日,84.47,84.20,84.70,84.08,19.86,430125632,0.39
2017年11月3日,84.14,84.08,84.54,83.40,17.63,430125632,0.11
2017年11月2日,84.05,83.35,84.46,83.12,23.99,430125632,1.05
2017年11月1日,83.18,83.68,83.76,82.88,22.31,430125632,0.00
2017年10月31日,83.18,84.36,84.36,83.11,27.09,430125632,-0.85
2017年10月30日,83.89,83.70,84.33,83.11,31.76,430125632,0.10
2017年10月27日,83.81,84.37,86.20,83.61,71.07,430125632,6.41
2017年10月26日,78.76,79.20,79.42,78.75,32.12,430125632,0.17
2017年10月25日,78.63,78.58,79.10,78.01,20.41,430125632,-0.29
2017年10月24日,78.86,78.90,79.20,78.46,17.52,430125632,0.04
2017年10月23日,78.83,78.99,79.34,78.76,20.63,430125632,0.03
2017年10月20日,78.81,78.32,78.97,78.22,22.87,430125632,1.16
2017年10月19日,77.91,77.57,77.93,77.35,15.09,430125632,0.39
2017年10月18日,77.61,77.67,77.85,77.37,13.30,430125632,0.03
2017年10月17日,77.59,77.47,77.62,77.25,16.82,430125632,-0.08
2017年10月16日,77.65,77.42,77.81,77.35,12.38,430125632,0.21
2017年10月13日,77.49,77.59,77.87,77.29,15.34,430125632,0.48
2017年10月12日,77.12,76.49,77.29,76.37,16.88,430125632,0.92
2017年10月11日,76.42,76.36,76.46,75.95,15.39,430125632,0.17
2017年10月10日,76.29,76.33,76.63,76.14,13.94,430125632,0.00
2017年10月9日,76.29,75.97,76.55,75.86,11.39,430125632,0.38
2017年10月6日,76.00,75.67,76.03,75.54,13.96,430125632,0.04
2017年10月5日,75.97,75.22,76.12,74.96,21.20,430125632,1.71
2017年10月4日,74.69,74.00,74.72,73.71,13.32,430125632,0.58
2017年10月3日,74.26,74.67,74.88,74.19,12.19,430125632,-0.47
2017年10月2日,74.61,74.71,75.01,74.30,15.30,430125632,0.16
2017年9月29日,74.49,73.94,74.53,73.88,17.08,430125632,0.84
2017年9月28日,73.87,73.54,73.97,73.31,10.88,430125632,0.03
2017年9月27日,73.85,73.55,74.17,73.17,19.57,430125632,0.81
2017年9月26日,73.26,73.67,73.81,72.99,18.02,430125632,0.00
2017年9月25日,73.26,74.09,74.25,72.92,24.15,430125632,-1.55
2017年9月22日,74.41,73.99,74.51,73.85,14.11,430125632,0.27
2017年9月21日,74.21,75.11,75.24,74.11,19.19,430125632,-0.97
2017年9月20日,74.94,75.35,75.55,74.31,21.59,430125632,-0.66
2017年9月19日,75.44,75.21,75.71,75.01,16.09,430125632,0.37
2017年9月18日,75.16,75.23,75.97,75.04,23.31,430125632,-0.20
2017年9月15日,75.31,74.83,75.39,74.07,38.58,430125632,0.72
2017年9月14日,74.77,75.00,75.49,74.52,15.73,430125632,-0.59
2017年9月13日,75.21,74.93,75.23,74.55,13.38,430125632,0.71
2017年9月12日,74.68,74.76,75.24,74.37,14.39,430125632,-0.11
2017年9月11日,74.76,74.31,74.94,74.31,17.91,430125632,1.05
2017年9月8日,73.98,74.33,74.44,73.84,14.70,430125632,-0.48
2017年9月7日,74.34,73.68,74.60,73.60,17.47,430125632,1.28
2017年9月6日,73.40,73.74,74.04,73.35,16.54,430125632,-0.29
2017年9月5日,73.61,73.34,73.89,72.98,22.24,430125632,-0.45
2017年9月1日,73.94,74.71,74.74,73.64,21.74,430125632,-1.11
2017年8月31日,74.77,74.03,74.96,73.80,27.65,430125632,1.03
2017年8月30日,74.01,73.01,74.21,72.83,16.90,430125632,1.31
2017年8月29日,73.05,72.25,73.16,72.05,11.48,430125632,0.30
2017年8月28日,72.83,73.06,73.09,72.55,14.57,430125632,0.01
2017年8月25日,72.82,72.86,73.35,72.48,12.79,430125632,0.18
2017年8月24日,72.69,72.74,72.86,72.07,17.10,430125632,-0.04
2017年8月23日,72.72,72.96,73.15,72.53,13.77,430125632,-0.60
2017年8月22日,73.16,72.35,73.24,72.35,14.34,430125632,1.40
2017年8月21日,72.15,72.47,72.48,71.70,17.73,430125632,-0.47
2017年8月18日,72.49,72.27,72.84,71.93,18.76,430125632,0.12
2017年8月17日,72.40,73.58,73.87,72.40,22.98,430125632,-1.70
2017年8月16日,73.65,73.34,74.10,73.17,18.15,430125632,0.59
2017年8月15日,73.22,73.59,73.59,73.04,19.18,430125632,-0.50
2017年8月14日,73.59,73.06,73.72,72.95,20.10,430125632,1.50
2017年8月11日,72.50,71.61,72.70,71.28,21.44,430125632,1.53
2017年8月10日,71.41,71.90,72.19,71.35,24.73,430125632,-1.46
2017年8月9日,72.47,72.25,72.51,72.05,22.21,430125632,-0.44
2017年8月8日,72.79,72.09,73.13,71.75,22.04,430125632,0.54
2017年8月7日,72.40,72.80,72.90,72.26,18.71,430125632,-0.39
2017年8月4日,72.68,72.40,73.04,72.24,22.58,430125632,0.73
2017年8月3日,72.15,72.19,72.44,71.84,18.21,430125632,-0.15
2017年8月2日,72.26,72.55,72.56,71.44,26.50,430125632,-0.44
2017年8月1日,72.58,73.10,73.42,72.49,20.82,430125632,-0.17
2017年7月31日,72.70,73.30,73.44,72.41,23.60,430125632,-0.47
2017年7月28日,73.04,72.67,73.31,72.54,18.31,430125632,-0.16
2017年7月27日,73.16,73.76,74.42,72.32,36.84,430125632,-1.20
2017年7月26日,74.05,74.34,74.38,73.81,16.25,430125632,-0.19
2017年7月25日,74.19,73.80,74.31,73.50,22.02,430125632,0.80
2017年7月24日,73.60,73.53,73.75,73.13,21.39,430125632,-0.26
2017年7月21日,73.79,73.45,74.29,73.17,46.72,430125632,-0.58
2017年7月20日,74.22,74.18,74.30,73.28,42.36,430125632,0.49
2017年7月19日,73.86,73.50,74.04,73.45,22.42,430125632,0.76
2017年7月18日,73.30,73.09,73.39,72.66,26.44,430125632,-0.07
2017年7月17日,73.35,72.80,73.45,72.72,21.80,430125632,0.78
2017年7月14日,72.78,72.24,73.27,71.96,25.87,430125632,1.41
2017年7月13日,71.77,71.50,72.04,71.31,20.27,430125632,0.87
2017年7月12日,71.15,70.69,71.28,70.55,17.75,430125632,1.66
2017年7月11日,69.99,70.00,70.68,69.75,17.46,430125632,0.01
2017年7月10日,69.98,69.46,70.25,69.20,15.01,430125632,0.75
2017年7月7日,69.46,68.70,69.84,68.70,16.88,430125632,1.30
2017年7月6日,68.57,68.27,68.78,68.12,21.12,430125632,-0.74
2017年7月5日,69.08,68.25,69.44,68.22,21.18,430125632,1.33
2017年7月3日,68.17,69.33,69.60,68.02,16.17,430125632,-1.10
2017年6月30日,68.93,68.78,69.38,68.74,24.16,430125632,0.64
2017年6月29日,68.49,69.38,69.49,68.09,28.92,430125632,-1.88
2017年6月28日,69.80,69.21,69.84,68.79,25.81,430125632,0.85
2017年6月27日,69.21,70.11,70.18,69.18,25.22,430125632,-1.87
2017年6月26日,70.53,71.40,71.71,70.44,19.61,430125632,-0.95
2017年6月23日,71.21,70.09,71.25,69.92,27.62,430125632,1.35
2017年6月22日,70.26,70.54,70.59,69.71,22.97,430125632,-0.01
2017年6月21日,70.27,70.21,70.62,69.94,19.89,430125632,0.51
2017年6月20日,69.91,70.82,70.87,69.87,21.51,430125632,-1.35
2017年6月19日,70.87,70.50,70.94,70.35,23.80,430125632,1.24
2017年6月16日,70.00,69.73,70.03,69.22,48.35,430125632,0.14
2017年6月15日,69.90,69.27,70.21,68.80,26.07,430125632,-0.53
2017年6月14日,70.27,70.91,71.10,69.43,25.51,430125632,-0.54
2017年6月13日,70.65,70.02,70.82,69.96,25.26,430125632,1.25
2017年6月12日,69.78,69.25,69.94,68.13,47.76,430125632,-0.77
2017年6月9日,70.32,72.03,72.08,68.59,49.19,430125632,-2.27
2017年6月8日,71.95,72.51,72.52,71.50,24.59,430125632,-0.61
2017年6月7日,72.39,72.64,72.77,71.95,22.30,430125632,-0.18
2017年6月6日,72.52,72.30,72.62,72.27,31.51,430125632,0.33
2017年6月5日,72.28,71.97,72.89,71.81,33.32,430125632,0.72
2017年6月2日,71.76,70.44,71.86,70.24,34.77,430125632,2.37
2017年6月1日,70.10,70.24,70.61,69.45,21.60,430125632,0.37
2017年5月31日,69.84,70.53,70.74,69.81,30.44,430125632,-0.81
2017年5月30日,70.41,69.79,70.41,69.77,17.07,430125632,0.64
2017年5月26日,69.96,69.80,70.22,69.52,19.83,430125632,0.49
2017年5月25日,69.62,68.97,69.88,68.91,21.85,430125632,1.24
2017年5月24日,68.77,68.87,68.88,68.45,14.67,430125632,0.13
2017年5月23日,68.68,68.72,68.75,68.38,15.43,430125632,0.34
2017年5月22日,68.45,67.89,68.50,67.50,16.24,430125632,1.12
2017年5月19日,67.69,67.50,68.09,67.43,26.96,430125632,-0.03
2017年5月18日,67.71,67.40,68.13,67.14,25.20,430125632,0.34
2017年5月17日,67.48,68.89,69.10,67.43,30.55,430125632,-2.78
2017年5月16日,69.41,68.23,69.44,68.16,34.96,430125632,1.43
2017年5月15日,68.43,68.14,68.48,67.57,31.53,430125632,0.07
2017年5月12日,68.38,68.61,68.61,68.04,18.71,430125632,-0.12
2017年5月11日,68.46,68.36,68.73,68.12,28.79,430125632,-1.23
2017年5月10日,69.31,68.99,69.56,68.92,17.98,430125632,0.39
2017年5月9日,69.04,68.86,69.28,68.68,22.86,430125632,0.15
2017年5月8日,68.94,68.97,69.05,68.42,18.57,430125632,-0.09
2017年5月5日,69.00,68.90,69.03,68.48,19.13,430125632,0.28
2017年5月4日,68.81,69.03,69.08,68.64,21.75,430125632,-0.39
2017年5月3日,69.08,69.38,69.38,68.71,28.93,430125632,-0.32
2017年5月2日,69.30,69.71,69.71,69.13,23.91,430125632,-0.16
2017年5月1日,69.41,68.68,69.55,68.50,31.95,430125632,1.39
2017年4月28日,68.46,68.91,69.14,67.69,39.55,430125632,0.28
2017年4月27日,68.27,68.15,68.38,67.58,34.97,430125632,0.65
2017年4月26日,67.83,68.08,68.31,67.62,26.19,430125632,-0.13
2017年4月25日,67.92,67.90,68.04,67.60,30.24,430125632,0.58
2017年4月24日,67.53,67.48,67.66,67.10,29.77,430125632,1.70
2017年4月21日,66.40,65.67,66.70,65.45,32.52,430125632,1.37
2017年4月20日,65.50,65.46,65.75,65.14,22.30,430125632,0.71
2017年4月19日,65.04,65.65,65.75,64.89,26.99,430125632,-0.54
2017年4月18日,65.39,65.33,65.71,65.16,15.16,430125632,-0.14
2017年4月17日,65.48,65.04,65.49,65.01,16.69,430125632,0.82
2017年4月13日,64.95,65.29,65.86,64.95,17.90,430125632,-0.43
2017年4月12日,65.23,65.42,65.51,65.11,17.11,430125632,-0.38
2017年4月11日,65.48,65.60,65.61,64.85,18.79,430125632,-0.08
2017年4月10日,65.53,65.61,65.82,65.36,17.95,430125632,-0.23
2017年4月7日,65.68,65.85,65.96,65.44,14.11,430125632,-0.08
2017年4月6日,65.73,65.60,66.06,65.48,18.10,430125632,0.26
2017年4月5日,65.56,66.30,66.35,65.44,21.45,430125632,-0.26
2017年4月4日,65.73,65.39,65.81,65.28,13.00,430125632,0.27
2017年4月3日,65.55,65.81,65.94,65.19,20.40,430125632,-0.47
2017年3月31日,65.86,65.65,66.19,65.45,21.04,430125632,0.23
2017年3月30日,65.71,65.42,65.98,65.36,15.12,430125632,0.37
2017年3月29日,65.47,65.12,65.50,64.95,13.62,430125632,0.28
2017年3月28日,65.29,64.96,65.47,64.65,20.08,430125632,0.29
2017年3月27日,65.10,64.63,65.22,64.35,18.61,430125632,0.18
2017年3月24日,64.98,65.12,65.45,64.76,22.62,430125632,0.17
2017年3月23日,64.87,64.94,65.23,64.77,19.27,430125632,-0.25
2017年3月22日,65.03,64.12,65.14,64.12,20.68,430125632,1.28
2017年3月21日,64.21,65.19,65.50,64.13,26.64,430125632,-1.11
2017年3月20日,64.93,64.91,65.17,64.72,14.60,430125632,0.09
2017年3月17日,64.87,64.91,65.24,64.68,49.22,430125632,0.36
2017年3月16日,64.64,64.75,64.76,64.30,20.67,430125632,-0.17
2017年3月15日,64.75,64.55,64.92,64.25,24.83,430125632,0.53
2017年3月14日,64.41,64.53,64.55,64.15,14.28,430125632,-0.46
2017年3月13日,64.71,65.01,65.19,64.57,20.10,430125632,-0.34
2017年3月10日,64.93,65.11,65.26,64.75,19.54,430125632,0.31
2017年3月9日,64.73,65.19,65.20,64.48,19.85,430125632,-0.40
2017年3月8日,64.99,64.26,65.08,64.25,21.51,430125632,0.92
2017年3月7日,64.40,64.19,64.78,64.19,18.52,430125632,0.20
2017年3月6日,64.27,63.97,64.56,63.81,18.75,430125632,0.03
2017年3月3日,64.25,63.99,64.28,63.62,18.14,430125632,0.37
2017年3月2日,64.01,64.69,64.75,63.88,24.54,430125632,-1.43
2017年3月1日,64.94,64.13,64.99,64.02,26.94,430125632,1.50
2017年2月28日,63.98,64.08,64.20,63.76,23.24,430125632,-0.39
2017年2月27日,64.23,64.54,64.54,64.05,15.87,430125632,-0.60
2017年2月24日,64.62,64.53,64.80,64.14,21.80,430125632,0.00
2017年2月23日,64.62,64.42,64.73,64.19,20.27,430125632,0.40
2017年2月22日,64.36,64.33,64.39,64.05,19.29,430125632,-0.20
2017年2月21日,64.49,64.61,64.95,64.45,20.66,430125632,-0.20
2017年2月17日,64.62,64.47,64.69,64.30,21.25,430125632,0.16
2017年2月16日,64.52,64.74,65.24,64.44,20.55,430125632,-0.02
2017年2月15日,64.53,64.50,64.57,64.16,17.01,430125632,-0.06
2017年2月14日,64.57,64.41,64.72,64.02,23.11,430125632,-0.23
2017年2月13日,64.72,64.24,64.86,64.13,22.92,430125632,1.13
2017年2月10日,64.00,64.25,64.30,63.98,18.17,430125632,-0.09
2017年2月9日,64.06,63.52,64.44,63.32,22.64,430125632,1.14
2017年2月8日,63.34,63.57,63.81,63.22,18.10,430125632,-0.14
2017年2月7日,63.43,63.74,63.78,63.23,20.28,430125632,-0.33
2017年2月6日,63.64,63.50,63.65,63.14,19.80,430125632,-0.06
2017年2月3日,63.68,63.50,63.70,63.07,30.30,430125632,0.81
2017年2月2日,63.17,63.25,63.41,62.75,45.83,430125632,-0.64
2017年2月1日,63.58,64.36,64.62,63.47,39.67,430125632,-1.66
2017年1月31日,64.65,64.86,65.15,64.26,25.27,430125632,-0.74
2017年1月30日,65.13,65.69,65.79,64.80,31.65,430125632,-0.99